n,Insert,Print,Delete,Merge,IndexOf,Clear,Min,Max,HasDuplicates,Select
1,0.0,0.0,0.0,0.0,0.0,0.0, 0.0,0.0,0.0,0.0
2,0.0,9.973049163818359e-06,0.0,0.0,0.0,0.0, 0.0,0.0,0.0,0.0
3,0.0,0.0,0.0,0.0,0.0,0.0, 0.0,0.0,0.0,0.0
4,0.0,0.0,0.0,9.982585906982421e-06,0.0,0.0, 0.0,0.0,0.0,0.0
5,0.0,0.0,0.0,0.0,0.0,0.0, 0.0,0.0,0.0,0.0
6,0.0,0.0,0.0,0.0,0.0,0.0, 0.0,0.0,0.0,0.0
7,0.0,0.0,0.0,0.0,0.0,0.0, 0.0,0.0,0.0,0.0
8,0.0,0.0,0.0,0.0,0.0,0.0, 0.0,0.0,0.0,0.0
9,0.0,1.0113716125488282e-05,0.0,0.0,0.0,0.0, 0.0,0.0,0.0,0.0
10,0.0,9.992122650146484e-06,0.0,0.0,0.0,0.0, 0.0,0.0,0.0,0.0
11,0.0,9.95635986328125e-06,0.0,0.0,0.0,0.0, 0.0,0.0,0.0,0.0
12,0.0,9.968280792236329e-06,0.0,0.0,0.0,0.0, 0.0,0.0,0.0,0.0
13,0.0,1.003265380859375e-05,0.0,0.0,0.0,0.0, 0.0,0.0,0.0,0.0
14,0.0,9.99927520751953e-06,0.0,9.961128234863282e-06,0.0,0.0, 0.0,0.0,0.0,0.0
15,0.0,9.975433349609376e-06,0.0,0.0,0.0,0.0, 0.0,0.0,0.0,0.0
16,0.0,4.9891471862792967e-05,0.0,9.973049163818359e-06,0.0,0.0, 0.0,0.0,0.0,0.0
17,0.0,9.95159149169922e-06,9.99927520751953e-06,0.0,0.0,0.0, 0.0,0.0,0.0,0.0
18,0.0,9.961128234863282e-06,0.0,0.0,0.0,0.0, 0.0,0.0,0.0,0.0
19,0.0,9.975433349609376e-06,0.0,0.0,0.0,0.0, 0.0,0.0,0.0,0.0
20,0.0,9.980201721191406e-06,0.0,0.0,0.0,0.0, 0.0,0.0,0.0,0.0
21,0.0,1.9862651824951172e-05,0.0,0.0,0.0,0.0, 0.0,0.0,0.0,0.0
22,0.0,9.973049163818359e-06,0.0,0.0,0.0,0.0, 0.0,0.0,0.0,0.0
23,0.0,1.0035037994384766e-05,0.0,0.0,0.0,0.0, 0.0,0.0,0.0,0.0
24,0.0,9.975433349609376e-06,0.0,0.0,0.0,0.0, 0.0,0.0,0.0,0.0
25,0.0,9.973049163818359e-06,0.0,0.0,0.0,0.0, 0.0,0.0,0.0,0.0
26,0.0,9.87529754638672e-06,0.0,0.0,0.0,0.0, 0.0,0.0,0.0,0.0
27,0.0,1.0123252868652344e-05,0.0,0.0,0.0,0.0, 0.0,0.0,0.0,0.0
28,0.0,9.992122650146484e-06,0.0,0.0,0.0,0.0, 0.0,0.0,0.0,0.0
29,0.0,9.970664978027344e-06,0.0,0.0,0.0,0.0, 0.0,0.0,0.0,0.0
30,0.0,1.0061264038085938e-05,0.0,0.0,0.0,0.0, 0.0,0.0,0.0,0.0
31,0.0,1.9943714141845704e-05,0.0,0.0,0.0,0.0, 0.0,0.0,0.0,0.0
32,0.0,1.9943714141845704e-05,0.0,0.0,0.0,0.0, 0.0,0.0,0.0,0.0
33,0.0,1.0004043579101563e-05,0.0,9.942054748535157e-06,0.0,0.0, 0.0,0.0,0.0,0.0
34,0.0,1.993894577026367e-05,0.0,9.963512420654297e-06,0.0,0.0, 0.0,0.0,0.0,0.0
35,0.0,9.977817535400391e-06,0.0,9.965896606445312e-06,0.0,0.0, 0.0,0.0,0.0,0.0
36,0.0,1.9807815551757812e-05,9.970664978027344e-06,0.0,0.0,0.0, 0.0,0.0,0.0,0.0
37,0.0,1.9943714141845704e-05,0.0,0.0,0.0,0.0, 0.0,0.0,0.0,0.0
38,0.0,1.9969940185546876e-05,0.0,0.0,0.0,0.0, 0.0,0.0,0.0,0.0
39,0.0,1.9946098327636718e-05,0.0,0.0,0.0,0.0, 0.0,0.0,0.0,0.0
40,0.0,1.9960403442382812e-05,0.0,9.980201721191406e-06,0.0,0.0, 0.0,0.0,0.0,0.0
41,0.0,2.0051002502441405e-05,0.0,0.0,0.0,0.0, 0.0,0.0,0.0,0.0
42,0.0,1.9953250885009765e-05,0.0,9.970664978027344e-06,0.0,0.0, 0.0,0.0,0.0,0.0
43,0.0,1.9941329956054688e-05,0.0,9.977817535400391e-06,0.0,0.0, 0.0,0.0,0.0,0.0
44,0.0,1.9946098327636718e-05,0.0,9.970664978027344e-06,0.0,0.0, 0.0,0.0,0.0,0.0
45,0.0,2.992868423461914e-05,0.0,9.963512420654297e-06,0.0,0.0, 0.0,0.0,0.0,0.0
46,0.0,1.999855041503906e-05,0.0,9.927749633789063e-06,0.0,0.0, 0.0,0.0,0.0,0.0
47,0.0,1.9948482513427735e-05,0.0,0.0,0.0,0.0, 0.0,0.0,0.0,0.0
48,0.0,2.9914379119873047e-05,0.0,0.0,0.0,0.0, 0.0,0.0,0.0,0.0
49,0.0,2.99072265625e-05,0.0,0.0,0.0,0.0, 0.0,0.0,0.0,0.0
50,0.0,2.9916763305664063e-05,0.0,0.0,0.0,0.0, 0.0,0.0,0.0,0.0
51,0.0,2.9935836791992188e-05,0.0,0.0,0.0,0.0, 0.0,0.0,0.0,0.0
52,0.0,1.9960403442382812e-05,0.0,9.970664978027344e-06,0.0,0.0, 0.0,0.0,0.0,0.0
53,0.0,2.9900074005126952e-05,0.0,9.970664978027344e-06,0.0,0.0, 0.0,0.0,0.0,0.0
54,0.0,3.988981246948242e-05,0.0,0.0,0.0,0.0, 0.0,0.0,0.0,0.0
55,0.0,2.9916763305664063e-05,0.0,0.0,0.0,0.0, 0.0,0.0,0.0,0.0
56,0.0,2.9919147491455077e-05,0.0,9.973049163818359e-06,0.0,0.0, 0.0,0.0,0.0,0.0
57,0.0,2.991199493408203e-05,0.0,9.975433349609376e-06,0.0,0.0, 0.0,0.0,0.0,0.0
58,0.0,1.9965171813964843e-05,0.0,9.95635986328125e-06,0.0,0.0, 0.0,0.0,0.0,0.0
59,0.0,2.9921531677246094e-05,0.0,9.973049163818359e-06,0.0,0.0, 0.0,0.0,0.0,0.0
60,0.0,2.995729446411133e-05,0.0,9.937286376953125e-06,0.0,0.0, 0.0,0.0,0.0,0.0
61,0.0,2.9919147491455077e-05,0.0,9.975433349609376e-06,0.0,0.0, 0.0,0.0,0.0,0.0
62,0.0,3.002166748046875e-05,0.0,0.0,0.0,0.0, 0.0,0.0,0.0,0.0
63,0.0,2.9926300048828124e-05,0.0,9.968280792236329e-06,0.0,0.0, 0.0,0.0,0.0,0.0
64,0.0,2.9921531677246094e-05,0.0,0.0,0.0,9.977817535400391e-06, 0.0,0.0,0.0,0.0
65,0.0,2.9916763305664063e-05,0.0,9.973049163818359e-06,0.0,0.0, 0.0,0.0,0.0,0.0
66,0.0,3.988027572631836e-05,0.0,9.980201721191406e-06,0.0,0.0, 0.0,0.0,0.0,0.0
67,0.0,2.9926300048828124e-05,0.0,9.984970092773438e-06,0.0,0.0, 0.0,0.0,0.0,0.0
68,0.0,3.9892196655273436e-05,0.0,9.977817535400391e-06,0.0,0.0, 0.0,0.0,0.0,0.0
69,0.0,4.00233268737793e-05,0.0,9.844303131103515e-06,0.0,0.0, 0.0,0.0,0.0,0.0
70,0.0,4.004240036010742e-05,0.0,9.827613830566406e-06,0.0,0.0, 0.0,0.0,0.0,0.0
71,0.0,3.9894580841064456e-05,0.0,0.0,0.0,0.0, 0.0,0.0,0.0,0.0
72,0.0,3.9894580841064456e-05,0.0,0.0,0.0,0.0, 0.0,0.0,0.0,0.0
73,0.0,2.992391586303711e-05,0.0,2.9926300048828124e-05,0.0,0.0, 0.0,0.0,0.0,0.0
74,0.0,4.960060119628906e-05,0.0,9.989738464355468e-06,0.0,0.0, 0.0,0.0,0.0,0.0
75,0.0,3.9892196655273436e-05,0.0,9.975433349609376e-06,0.0,0.0, 0.0,0.0,0.0,0.0
76,0.0,3.989934921264648e-05,0.0,9.968280792236329e-06,0.0,0.0, 0.0,0.0,0.0,0.0
77,0.0,3.9894580841064456e-05,0.0,1.9943714141845704e-05,0.0,0.0, 0.0,0.0,0.0,0.0
78,0.0,3.9882659912109375e-05,0.0,1.995086669921875e-05,0.0,0.0, 0.0,0.0,0.0,0.0
79,0.0,3.988981246948242e-05,0.0,9.980201721191406e-06,0.0,0.0, 0.0,0.0,0.0,0.0
80,0.0,3.9894580841064456e-05,0.0,2.9919147491455077e-05,0.0,0.0, 0.0,0.0,0.0,0.0
81,0.0,3.9892196655273436e-05,0.0,9.977817535400391e-06,0.0,0.0, 0.0,0.0,0.0,0.0
82,0.0,4.995346069335938e-05,0.0,1.9862651824951172e-05,0.0,0.0, 0.0,0.0,0.0,0.0
83,0.0,3.9894580841064456e-05,0.0,1.9946098327636718e-05,0.0,0.0, 0.0,0.0,0.0,0.0
84,0.0,4.951953887939453e-05,0.0,9.958744049072266e-06,0.0,0.0, 0.0,0.0,0.0,0.0
85,0.0,5.9762001037597655e-05,0.0,1.9955635070800782e-05,0.0,0.0, 0.0,0.0,0.0,0.0
86,0.0,3.9892196655273436e-05,0.0,9.9945068359375e-06,0.0,0.0, 0.0,0.0,0.0,0.0
87,0.0,4.986286163330078e-05,0.0,9.980201721191406e-06,0.0,0.0, 0.0,0.0,0.0,0.0
88,0.0,3.9894580841064456e-05,0.0,1.9948482513427735e-05,0.0,0.0, 0.0,0.0,0.0,0.0
89,0.0,4.9860477447509765e-05,0.0,9.984970092773438e-06,0.0,0.0, 0.0,0.0,0.0,0.0
90,0.0,4.9970149993896485e-05,0.0,1.984596252441406e-05,0.0,0.0, 0.0,0.0,0.0,0.0
91,0.0,5.9959888458251955e-05,0.0,1.9834041595458984e-05,0.0,0.0, 0.0,0.0,0.0,0.0
92,0.0,4.9870014190673825e-05,0.0,1.9946098327636718e-05,0.0,0.0, 0.0,0.0,0.0,0.0
93,0.0,5.984306335449219e-05,0.0,1.9941329956054688e-05,0.0,0.0, 0.0,0.0,0.0,0.0
94,0.0,5.983114242553711e-05,0.0,1.9958019256591795e-05,0.0,0.0, 0.0,0.0,0.0,0.0
95,0.0,4.96220588684082e-05,0.0,9.849071502685547e-06,0.0,0.0, 0.0,0.0,0.0,0.0
96,0.0,4.985332489013672e-05,0.0,1.9953250885009765e-05,0.0,0.0, 0.0,0.0,0.0,0.0
97,0.0,5.985736846923828e-05,0.0,1.992940902709961e-05,0.0,0.0, 0.0,0.0,0.0,0.0
98,9.973049163818359e-06,4.9872398376464845e-05,0.0,2.99072265625e-05,0.0,0.0, 0.0,0.0,0.0,0.0
99,0.0,5.0008296966552734e-05,0.0,9.834766387939453e-06,0.0,0.0, 0.0,0.0,0.0,0.0
100,0.0,5.948781967163086e-05,0.0,9.973049163818359e-06,0.0,0.0, 0.0,0.0,0.0,0.0
101,0.0,6.980419158935546e-05,0.0,9.987354278564453e-06,0.0,0.0, 0.0,0.0,0.0,0.0
102,0.0,4.9495697021484374e-05,0.0,1.9960403442382812e-05,0.0,0.0, 0.0,0.0,0.0,0.0
103,0.0,5.988597869873047e-05,0.0,1.990318298339844e-05,9.980201721191406e-06,0.0, 0.0,0.0,0.0,0.0
104,0.0,6.515264511108398e-05,0.0,1.9817352294921876e-05,0.0,0.0, 0.0,0.0,0.0,0.0
105,0.0,5.944013595581055e-05,0.0,1.9953250885009765e-05,0.0,0.0, 0.0,0.0,0.0,0.0
106,0.0,6.981372833251953e-05,0.0,1.9941329956054688e-05,0.0,0.0, 0.0,0.0,0.0,0.0
107,0.0,6.943464279174805e-05,0.0,2.9931068420410158e-05,0.0,0.0, 0.0,0.0,0.0,0.0
108,0.0,5.983352661132813e-05,0.0,2.9926300048828124e-05,9.975433349609376e-06,0.0, 0.0,0.0,0.0,0.0
109,0.0,6.981134414672852e-05,0.0,1.9941329956054688e-05,0.0,0.0, 0.0,0.0,0.0,0.0
110,0.0,5.9840679168701174e-05,0.0,1.995086669921875e-05,0.0,0.0, 0.0,0.0,0.0,0.0
111,0.0,6.992340087890624e-05,0.0,1.9838809967041014e-05,0.0,0.0, 0.0,0.0,0.0,0.0
112,0.0,5.950927734375e-05,0.0,2.992868423461914e-05,0.0,0.0, 0.0,0.0,0.0,0.0
113,0.0,5.94639778137207e-05,0.0,2.9919147491455077e-05,0.0,0.0, 0.0,0.0,0.0,0.0
114,0.0,5.988597869873047e-05,0.0,2.987861633300781e-05,0.0,0.0, 0.0,0.0,0.0,0.0
115,0.0,6.947517395019531e-05,0.0,2.9888153076171875e-05,0.0,0.0, 0.0,0.0,0.0,0.0
116,0.0,6.982088088989258e-05,0.0,1.9960403442382812e-05,0.0,0.0, 0.0,0.0,0.0,0.0
117,0.0,5.9456825256347655e-05,0.0,1.9946098327636718e-05,0.0,0.0, 0.0,0.0,0.0,0.0
118,0.0,5.990743637084961e-05,0.0,1.9884109497070314e-05,0.0,0.0, 0.0,0.0,0.0,0.0
119,0.0,6.98089599609375e-05,0.0,1.9946098327636718e-05,0.0,0.0, 0.0,0.0,0.0,0.0
120,0.0,6.942033767700196e-05,0.0,2.9926300048828124e-05,0.0,0.0, 0.0,0.0,0.0,0.0
121,0.0,6.951808929443359e-05,0.0,1.9886493682861327e-05,0.0,0.0, 0.0,0.0,0.0,0.0
122,0.0,5.959033966064453e-05,0.0,2.9921531677246094e-05,0.0,0.0, 0.0,0.0,0.0,0.0
123,0.0,7.952690124511719e-05,0.0,2.9921531677246094e-05,0.0,0.0, 0.0,0.0,0.0,0.0
124,0.0,6.954431533813477e-05,0.0,2.993345260620117e-05,0.0,0.0, 0.0,0.0,0.0,0.0
125,0.0,6.98232650756836e-05,0.0,1.9943714141845704e-05,0.0,0.0, 0.0,0.0,0.0,0.0
126,0.0,7.942438125610351e-05,0.0,1.9941329956054688e-05,0.0,0.0, 0.0,0.0,0.0,0.0
127,0.0,6.949186325073243e-05,0.0,2.9916763305664063e-05,0.0,0.0, 0.0,0.0,0.0,0.0
128,0.0,6.981611251831054e-05,0.0,1.9946098327636718e-05,0.0,0.0, 0.0,0.0,0.0,0.0
129,0.0,6.945133209228516e-05,0.0,2.9914379119873047e-05,0.0,0.0, 0.0,0.0,0.0,0.0
130,0.0,7.969617843627929e-05,0.0,2.99382209777832e-05,0.0,0.0, 0.0,0.0,0.0,0.0
131,0.0,7.953643798828126e-05,0.0,4.0147304534912106e-05,0.0,0.0, 0.0,0.0,0.0,0.0
132,0.0,6.947755813598633e-05,0.0,2.989768981933594e-05,0.0,0.0, 0.0,0.0,0.0,0.0
133,0.0,6.94727897644043e-05,0.0,3.988504409790039e-05,0.0,0.0, 0.0,0.0,0.0,0.0
134,0.0,6.956338882446289e-05,0.0,2.9914379119873047e-05,0.0,0.0, 0.0,0.0,0.0,0.0
135,0.0,7.977962493896484e-05,0.0,3.9894580841064456e-05,0.0,0.0, 0.0,0.0,0.0,0.0
136,0.0,6.955385208129883e-05,0.0,3.988981246948242e-05,0.0,0.0, 0.0,0.0,0.0,0.0
137,0.0,7.940769195556641e-05,0.0,2.9921531677246094e-05,0.0,0.0, 0.0,0.0,0.0,0.0
138,0.0,7.979393005371094e-05,0.0,4.985809326171875e-05,0.0,0.0, 0.0,0.0,0.0,0.0
139,0.0,7.979631423950195e-05,0.0,2.9916763305664063e-05,0.0,0.0, 0.0,0.0,0.0,0.0
140,0.0,6.955623626708985e-05,9.977817535400391e-06,1.9946098327636718e-05,0.0,0.0, 0.0,0.0,0.0,0.0
141,0.0,7.957696914672851e-05,0.0,2.986907958984375e-05,0.0,0.0, 0.0,0.0,0.0,0.0
142,0.0,7.953166961669921e-05,0.0,3.9894580841064456e-05,0.0,0.0, 0.0,0.0,0.0,0.0
143,0.0,7.954835891723632e-05,0.0,5.0115585327148435e-05,0.0,0.0, 0.0,0.0,0.0,0.0
144,0.0,7.940053939819335e-05,0.0,2.9921531677246094e-05,0.0,0.0, 0.0,0.0,0.0,0.0
145,0.0,8.951187133789062e-05,0.0,2.9921531677246094e-05,0.0,0.0, 0.0,0.0,0.0,0.0
146,0.0,7.984638214111328e-05,0.0,4.022121429443359e-05,0.0,0.0, 0.0,0.0,0.0,0.0
147,0.0,8.949995040893554e-05,0.0,2.992868423461914e-05,0.0,0.0, 0.0,0.0,0.0,0.0
148,0.0,7.954120635986328e-05,0.0,2.9916763305664063e-05,0.0,0.0, 0.0,0.0,0.0,0.0
149,0.0,8.941411972045898e-05,0.0,5.983352661132813e-05,0.0,0.0, 0.0,0.0,0.0,0.0
150,0.0,8.941173553466796e-05,0.0,4.0276050567626955e-05,0.0,0.0, 0.0,0.0,0.0,0.0
151,0.0,8.939504623413086e-05,0.0,3.030538558959961e-05,0.0,0.0, 0.0,0.0,0.0,0.0
152,0.0,8.939504623413086e-05,0.0,3.9892196655273436e-05,0.0,0.0, 0.0,0.0,0.0,0.0
153,0.0,8.94761085510254e-05,0.0,6.973028182983399e-05,0.0,0.0, 0.0,0.0,0.0,0.0
154,0.0,7.93910026550293e-05,9.977817535400391e-06,3.0274391174316407e-05,0.0,0.0, 0.0,0.0,0.0,0.0
155,0.0,9.97304916381836e-05,0.0,4.026651382446289e-05,0.0,0.0, 0.0,0.0,0.0,0.0
156,0.0,8.933544158935547e-05,0.0,4.024982452392578e-05,0.0,0.0, 0.0,0.0,0.0,0.0
157,0.0,8.949995040893554e-05,0.0,2.9921531677246094e-05,0.0,0.0, 0.0,0.0,0.0,0.0
158,0.0,7.954120635986328e-05,0.0,5.011320114135742e-05,0.0,0.0, 0.0,0.0,0.0,0.0
159,0.0,8.940219879150391e-05,0.0,3.0248165130615235e-05,0.0,9.9945068359375e-06, 0.0,0.0,0.0,0.0
160,0.0,8.955717086791992e-05,9.961128234863282e-06,4.0149688720703126e-05,0.0,0.0, 0.0,0.0,0.0,0.0
161,0.0,8.973598480224609e-05,0.0,5.011320114135742e-05,0.0,0.0, 0.0,0.0,0.0,0.0
162,0.0,9.973526000976562e-05,0.0,6.983757019042969e-05,0.0,0.0, 0.0,0.0,0.0,0.0
163,0.0,8.975982666015625e-05,0.0,3.99017333984375e-05,0.0,1.0344982147216797e-05, 0.0,0.0,0.0,0.0
164,0.0,8.976459503173828e-05,0.0,4.0283203125e-05,0.0,0.0, 0.0,0.0,0.0,0.0
165,0.0,7.979393005371094e-05,0.0,3.988504409790039e-05,0.0,0.0, 9.973049163818359e-06,0.0,0.0,0.0
166,0.0,8.975744247436524e-05,0.0,4.0137767791748046e-05,0.0,0.0, 0.0,0.0,0.0,0.0
167,0.0,9.94873046875e-05,0.0,5.0106048583984374e-05,0.0,0.0, 0.0,0.0,0.0,0.0
168,0.0,8.975505828857421e-05,0.0,3.990411758422852e-05,0.0,0.0, 0.0,0.0,0.0,0.0
169,0.0,0.00010944843292236328,0.0,4.9881935119628906e-05,0.0,0.0, 0.0,0.0,0.0,0.0
170,0.0,8.987665176391602e-05,0.0,5.0106048583984374e-05,0.0,0.0, 0.0,0.0,0.0,0.0
171,0.0,9.609699249267578e-05,0.0,5.016803741455078e-05,0.0,0.0, 0.0,0.0,0.0,0.0
172,0.0,8.975982666015625e-05,0.0,7.980585098266602e-05,0.0,0.0, 0.0,0.0,0.0,0.0
173,0.0,9.97471809387207e-05,0.0,6.980180740356445e-05,0.0,0.0, 0.0,0.0,0.0,0.0
174,0.0,9.942293167114258e-05,0.0,5.018234252929687e-05,0.0,0.0, 0.0,0.0,0.0,0.0
175,0.0,9.937047958374024e-05,0.0,6.018877029418945e-05,0.0,0.0, 0.0,0.0,0.0,0.0
176,0.0,9.973526000976562e-05,0.0,8.976221084594727e-05,0.0,0.0, 0.0,0.0,0.0,9.980201721191406e-06
177,0.0,9.988307952880859e-05,0.0,5.0079822540283206e-05,0.0,0.0, 0.0,0.0,0.0,0.0
178,0.0,0.0001296687126159668,0.0,5.982398986816406e-05,0.0,0.0, 0.0,0.0,0.0,0.0
179,0.0,0.00013924837112426757,9.970664978027344e-06,5.983114242553711e-05,0.0,0.0, 0.0,0.0,0.0,0.0
180,0.0,0.00014962196350097655,0.0,6.019115447998047e-05,0.0,0.0, 0.0,0.0,0.0,0.0
181,9.973049163818359e-06,0.00011647462844848632,0.0,5.9862136840820315e-05,0.0,0.0, 0.0,0.0,0.0,0.0
182,0.0,0.00010933876037597657,0.0,5.024194717407226e-05,0.0,0.0, 0.0,0.0,0.0,0.0
183,0.0,9.947299957275391e-05,0.0,6.010055541992188e-05,9.961128234863282e-06,0.0, 0.0,0.0,0.0,0.0
184,0.0,9.93514060974121e-05,0.0,5.0263404846191405e-05,0.0,0.0, 0.0,0.0,0.0,0.0
185,0.0,0.00014925241470336914,0.0,5.982398986816406e-05,0.0,0.0, 0.0,0.0,0.0,0.0
186,0.0,0.00010932445526123047,0.0,5.025863647460938e-05,0.0,0.0, 0.0,0.0,0.0,0.0
187,9.953975677490234e-06,9.937047958374024e-05,0.0,6.0095787048339844e-05,0.0,0.0, 0.0,0.0,0.0,0.0
188,0.0,9.972810745239258e-05,0.0,8.975982666015625e-05,0.0,0.0, 0.0,0.0,0.0,0.0
189,0.0,0.00010970115661621094,0.0,8.014917373657227e-05,0.0,0.0, 0.0,0.0,0.0,0.0
190,0.0,9.948015213012695e-05,0.0,7.016897201538086e-05,0.0,0.0, 0.0,0.0,0.0,0.0
191,0.0,0.00010934591293334961,0.0,7.019281387329102e-05,0.0,0.0, 0.0,0.0,0.0,0.0
192,0.0,0.00010987997055053711,0.0,8.959293365478515e-05,0.0,0.0, 0.0,0.0,0.0,0.0
193,0.0,9.982585906982422e-05,0.0,7.004499435424805e-05,1.001596450805664e-05,0.0, 0.0,0.0,0.0,0.0
194,0.0,0.00010933876037597657,0.0,7.018327713012695e-05,0.0,0.0, 0.0,0.0,0.0,0.0
195,0.0,0.00010935783386230469,0.0,0.00010009288787841797,0.0,0.0, 0.0,0.0,0.0,0.0
196,0.0,0.00010934829711914062,0.0,8.004426956176758e-05,0.0,0.0, 0.0,0.0,0.0,0.0
197,9.970664978027344e-06,9.985208511352539e-05,0.0,5.971908569335937e-05,0.0,0.0, 0.0,0.0,0.0,0.0
198,0.0,0.00010945558547973632,0.0,7.978916168212891e-05,0.0,0.0, 0.0,0.0,0.0,0.0
199,0.0,0.00013884067535400391,0.0,6.0205459594726565e-05,0.0,0.0, 9.975433349609376e-06,0.0,0.0,0.0
200,0.0,0.00013962268829345703,0.0,7.978439331054687e-05,0.0,0.0, 0.0,0.0,0.0,0.0
201,0.0,9.973526000976562e-05,0.0,9.974241256713868e-05,0.0,0.0, 0.0,0.0,0.0,0.0
202,0.0,0.0001392650604248047,0.0,9.01174545288086e-05,0.0,0.0, 0.0,0.0,0.0,0.0
203,9.973049163818359e-06,0.00010982751846313476,0.0,6.968736648559571e-05,0.0,0.0, 0.0,0.0,0.0,0.0
204,0.0,0.00011943817138671875,0.0,6.980657577514649e-05,0.0,0.0, 0.0,0.0,0.0,0.0
205,0.0,0.0001097559928894043,0.0,7.002115249633789e-05,0.0,0.0, 0.0,0.0,0.0,0.0
206,0.0,0.00012965202331542968,0.0,7.979154586791993e-05,0.0,0.0, 0.0,0.0,0.0,0.0
207,0.0,0.00014810085296630858,0.0,8.007049560546874e-05,0.0,0.0, 0.0,0.0,0.0,0.0
208,0.0,0.00015967607498168946,0.0,7.005691528320312e-05,0.0,0.0, 0.0,0.0,0.0,0.0
209,0.0,0.0001094222068786621,0.0,7.008075714111328e-05,0.0,0.0, 0.0,0.0,0.0,0.0
210,0.0,0.00013922929763793946,0.0,6.983280181884765e-05,0.0,0.0, 0.0,0.0,0.0,0.0
211,0.0,0.00013700008392333984,0.0,7.019996643066406e-05,0.0,0.0, 0.0,0.0,0.0,0.0
212,0.0,0.00011968612670898438,0.0,0.0001196742057800293,0.0,0.0, 0.0,0.0,0.0,0.0
213,0.0,0.00011931180953979492,0.0,6.982088088989258e-05,0.0,0.0, 0.0,0.0,0.0,0.0
214,0.0,0.00011967182159423828,0.0,7.978439331054687e-05,0.0,0.0, 0.0,0.0,0.0,0.0
215,0.0,0.00015917778015136718,0.0,7.977724075317383e-05,0.0,0.0, 0.0,0.0,0.0,0.0
216,0.0,0.00011071205139160157,0.0,0.00011967182159423828,0.0,0.0, 0.0,0.0,0.0,0.0
217,0.0,0.00012934446334838867,0.0,8.008718490600587e-05,0.0,0.0, 0.0,0.0,0.0,0.0
218,0.0,0.00011967897415161133,0.0,6.0203075408935545e-05,9.99927520751953e-06,0.0, 0.0,0.0,0.0,0.0
219,0.0,0.00010945558547973632,0.0,9.865999221801758e-05,0.0,0.0, 0.0,0.0,0.0,0.0
220,0.0,0.00011928319931030273,0.0,7.020235061645508e-05,9.949207305908202e-06,0.0, 0.0,0.0,0.0,0.0
221,0.0,0.00014930248260498048,0.0,8.00776481628418e-05,0.0,0.0, 0.0,0.0,0.0,0.0
222,0.0,0.00011967897415161133,0.0,9.974479675292969e-05,0.0,0.0, 0.0,0.0,0.0,0.0
223,0.0,0.00011932849884033203,0.0,8.013486862182618e-05,0.0,0.0, 0.0,0.0,0.0,0.0
224,0.0,0.00011930227279663086,0.0,9.018182754516602e-05,0.0,0.0, 0.0,0.0,0.0,0.0
225,0.0,0.00011933565139770507,0.0,8.015155792236328e-05,0.0,0.0, 0.0,0.0,0.0,0.0
226,0.0,0.0001592135429382324,0.0,8.003711700439453e-05,0.0,0.0, 0.0,0.0,0.0,0.0
227,0.0,0.00010978460311889649,0.0,9.966373443603515e-05,0.0,0.0, 0.0,0.0,0.0,0.0
228,0.0,0.00014960765838623047,0.0,8.00323486328125e-05,0.0,0.0, 0.0,0.0,0.0,0.0
229,0.0,0.00013962745666503906,0.0,9.973526000976562e-05,0.0,0.0, 0.0,0.0,0.0,0.0
230,0.0,0.00012931346893310547,0.0,0.00013964176177978517,0.0,0.0, 0.0,0.0,0.0,0.0
231,0.0,0.0001495933532714844,0.0,0.00010010957717895507,0.0,0.0, 0.0,0.0,0.0,0.0
232,0.0,0.00014959812164306641,0.0,8.002996444702149e-05,0.0,0.0, 0.0,0.0,0.0,0.0
233,0.0,0.00017365694046020508,9.973049163818359e-06,0.00010008811950683594,0.0,0.0, 0.0,0.0,0.0,0.0
234,0.0,0.00016916275024414062,9.970664978027344e-06,7.978200912475586e-05,0.0,0.0, 0.0,0.0,0.0,0.0
235,0.0,0.00012972354888916016,9.906291961669921e-06,8.975505828857421e-05,0.0,0.0, 0.0,0.0,0.0,0.0
236,0.0,0.00011944770812988281,0.0,8.974313735961915e-05,0.0,0.0, 0.0,0.0,0.0,0.0
237,0.0,0.0001292991638183594,0.0,0.00011006593704223632,0.0,0.0, 0.0,0.0,0.0,0.0
238,0.0,0.00011968612670898438,0.0,0.000139617919921875,0.0,0.0, 0.0,0.0,0.0,0.0
239,0.0,0.00014122962951660157,0.0,9.009122848510742e-05,0.0,0.0, 0.0,0.0,0.0,0.0
240,0.0,0.00019909858703613282,0.0,0.00011966943740844727,0.0,0.0, 0.0,0.0,0.0,0.0
241,0.0,0.00011973142623901367,0.0,8.97073745727539e-05,0.0,0.0, 0.0,0.0,0.0,0.0
242,1.0237693786621093e-05,0.0001605963706970215,0.0,0.0001101088523864746,0.0,0.0, 0.0,0.0,0.0,0.0
243,0.0,0.00012932300567626952,0.0,0.00011961221694946289,0.0,0.0, 0.0,0.0,0.0,0.0
244,0.0,0.00012927532196044923,0.0,9.976387023925781e-05,0.0,0.0, 0.0,0.0,0.0,0.0
245,0.0,0.0001293015480041504,0.0,9.014129638671875e-05,0.0,0.0, 0.0,0.0,0.0,0.0
246,0.0,0.0001292729377746582,0.0,0.00011008262634277344,0.0,0.0, 0.0,0.0,0.0,0.0
247,0.0,0.00012965202331542968,0.0,8.976221084594727e-05,0.0,0.0, 0.0,0.0,0.0,0.0
248,0.0,0.00012974977493286134,0.0,9.988307952880859e-05,0.0,0.0, 0.0,0.0,0.0,0.0
249,0.0,0.00012939929962158203,0.0,9.999513626098633e-05,0.0,0.0, 0.0,0.0,0.0,0.0
250,0.0,0.00016954898834228515,0.0,0.0001499795913696289,0.0,0.0, 0.0,0.0,0.0,0.0
251,0.0,0.00012965202331542968,0.0,0.00010970354080200195,0.0,0.0, 0.0,0.0,0.0,0.0
252,0.0,0.00013930082321166992,0.0,9.011030197143554e-05,0.0,0.0, 0.0,0.0,0.0,0.0
253,0.0,0.00014990568161010742,0.0,0.00012991666793823241,0.0,0.0, 0.0,0.0,0.0,0.0
254,0.0,0.0001396369934082031,0.0,0.00011005640029907227,0.0,0.0, 0.0,0.0,0.0,0.0
255,0.0,0.0001992034912109375,0.0,0.00010998010635375977,0.0,0.0, 0.0,0.0,0.0,0.0
256,0.0,0.0001297903060913086,0.0,0.0001793837547302246,0.0,0.0, 0.0,0.0,0.0,0.0
257,0.0,0.00012941837310791017,0.0,9.997844696044921e-05,0.0,0.0, 0.0,0.0,0.0,0.0
258,0.0,0.00013938188552856446,0.0,0.00010970115661621094,0.0,0.0, 0.0,0.0,0.0,0.0
259,0.0,0.00012939929962158203,0.0,0.00010995864868164062,0.0,0.0, 0.0,0.0,0.0,0.0
260,0.0,0.00013962507247924805,0.0,0.00010970354080200195,0.0,0.0, 0.0,0.0,0.0,0.0
261,0.0,0.00019921064376831054,0.0,9.999513626098633e-05,0.0,0.0, 0.0,0.0,0.0,0.0
262,0.0,0.00016987085342407227,0.0,0.00010995626449584961,0.0,0.0, 0.0,0.0,0.0,0.0
263,0.0,0.0001495838165283203,0.0,0.00011968135833740235,0.0,0.0, 0.0,0.0,0.0,0.0
264,0.0,0.0001292991638183594,9.968280792236329e-06,0.00011967658996582031,0.0,0.0, 0.0,0.0,0.0,0.0
265,0.0,0.00015958786010742188,0.0,0.00012964248657226562,0.0,0.0, 0.0,0.0,0.0,0.0
266,0.0,0.00015966176986694335,0.0,0.0001099538803100586,0.0,0.0, 0.0,0.0,0.0,0.0
267,0.0,0.00015921831130981444,0.0,0.00013964414596557618,1.0328292846679688e-05,0.0, 0.0,0.0,0.0,0.0
268,0.0,0.00013968229293823242,0.0,0.00011996984481811523,0.0,0.0, 0.0,0.0,0.0,0.0
269,0.0,0.0001393604278564453,0.0,0.00011992931365966796,0.0,0.0, 0.0,0.0,0.0,0.0
270,0.0,0.00017911911010742187,0.0,0.00010996341705322266,0.0,0.0, 0.0,0.0,0.0,0.0
271,0.0,0.00013936758041381835,0.0,0.00011993646621704102,0.0,0.0, 0.0,0.0,0.0,0.0
272,0.0,0.0001495933532714844,0.0,0.00011007070541381836,0.0,0.0, 0.0,0.0,0.0,0.0
273,1.0232925415039063e-05,0.0001593780517578125,0.0,0.00015949487686157227,0.0,0.0, 0.0,0.0,0.0,0.0
274,0.0,0.00022655248641967774,0.0,0.0001100611686706543,0.0,0.0, 0.0,0.0,0.0,0.0
275,0.0,0.00013943910598754883,0.0,0.00011987924575805664,0.0,0.0, 0.0,0.0,0.0,0.0
276,0.0,0.00014966249465942383,0.0,0.00010964632034301757,9.973049163818359e-06,0.0, 0.0,0.0,0.0,0.0
277,0.0,0.0001595616340637207,0.0,0.00013962030410766602,0.0,0.0, 0.0,0.0,0.0,0.0
278,0.0,0.0002392911911010742,0.0,0.00013001441955566407,0.0,0.0, 0.0,0.0,0.0,0.0
279,0.0,0.00020000934600830078,0.0,0.00014961957931518554,0.0,0.0, 0.0,0.0,0.0,0.0
280,0.0,0.00016922712326049804,0.0,0.00011989116668701172,0.0,0.0, 0.0,0.0,0.0,0.0
281,0.0,0.00014921903610229492,0.0,0.00011968135833740235,0.0,0.0, 0.0,0.0,0.0,0.0
282,0.0,0.0001764798164367676,0.0,0.00013002157211303711,0.0,0.0, 0.0,0.0,0.0,0.0
283,0.0,0.00014944553375244142,0.0,0.00019513130187988283,0.0,0.0, 0.0,0.0,0.0,0.0
284,0.0,0.00017914533615112304,9.982585906982421e-06,0.0001598048210144043,0.0,0.0, 0.0,0.0,0.0,0.0
285,0.0,0.0001495957374572754,0.0,0.00013986587524414062,0.0,0.0, 0.0,0.0,0.0,0.0
286,0.0,0.00014923095703125,0.0,0.00013962984085083007,0.0,0.0, 0.0,0.0,0.0,0.0
287,0.0,0.0001497507095336914,0.0,0.00011952877044677734,0.0,0.0, 0.0,0.0,0.0,0.0
288,9.973049163818359e-06,0.00014197349548339844,0.0,0.0001299142837524414,9.958744049072266e-06,0.0, 0.0,0.0,0.0,0.0
289,0.0,0.00017961502075195313,0.0,0.0001494884490966797,0.0,0.0, 0.0,0.0,0.0,0.0
290,0.0,0.00014959812164306641,0.0,0.00012965917587280274,0.0,0.0, 0.0,0.0,0.0,0.0
291,0.0,0.0001592135429382324,0.0,0.0001994776725769043,0.0,0.0, 0.0,0.0,0.0,0.0
292,0.0,0.00016954421997070313,0.0,0.00014960289001464844,0.0,0.0, 0.0,0.0,0.0,0.0
293,0.0,0.00016953706741333009,0.0,0.00013986587524414062,0.0,0.0, 0.0,0.0,0.0,0.0
294,0.0,0.00014960050582885743,0.0,0.0001396489143371582,0.0,0.0, 0.0,0.0,0.0,0.0
295,0.0,0.00015956878662109374,0.0,0.00015959501266479492,0.0,0.0, 0.0,0.0,0.0,0.0
296,0.0,0.00014930248260498048,0.0,0.00014986515045166017,0.0,0.0, 0.0,0.0,0.0,0.0
297,0.0,0.00017512083053588867,0.0,0.00013964176177978517,0.0,0.0, 0.0,0.0,0.0,0.0
298,0.0,0.00015932798385620117,0.0,0.00014984130859375,0.0,0.0, 0.0,0.0,0.0,0.0
299,0.0,0.00017950773239135741,0.0,0.00015958786010742188,0.0,0.0, 0.0,0.0,0.0,0.0
300,0.0,0.00014960527420043946,9.973049163818359e-06,0.00023937225341796875,0.0,0.0, 0.0,0.0,0.0,0.0
301,0.0,0.00019973516464233398,0.0,0.0002293848991394043,0.0,0.0, 0.0,0.0,0.0,0.0
302,0.0,0.00014960050582885743,0.0,0.0002094411849975586,0.0,0.0, 0.0,0.0,0.0,0.0
303,0.0,0.00014959812164306641,9.975433349609376e-06,0.00015957355499267577,0.0,0.0, 0.0,0.0,0.0,0.0
304,0.0,0.00017927169799804687,9.977817535400391e-06,0.00016954421997070313,0.0,0.0, 0.0,0.0,0.0,0.0
305,0.0,0.00020109653472900391,0.0,0.00023935556411743163,0.0,0.0, 0.0,0.0,0.0,0.0
306,0.0,0.00018949270248413085,0.0,0.0001398944854736328,0.0,0.0, 0.0,0.0,0.0,0.0
307,0.0,0.00019921302795410155,9.970664978027344e-06,0.00018975019454956055,0.0,0.0, 0.0,0.0,0.0,0.0
308,0.0,0.00016953706741333009,0.0,0.00014984846115112304,0.0,0.0, 0.0,0.0,0.0,0.0
309,0.0,0.00019973039627075196,0.0,0.00016979694366455077,0.0,0.0, 0.0,0.0,0.0,0.0
310,0.0,0.00017926454544067382,0.0,0.00014984130859375,0.0,0.0, 0.0,0.0,0.0,0.0
311,0.0,0.00015929937362670898,9.980201721191406e-06,0.0001499342918395996,0.0,0.0, 0.0,0.0,0.0,0.0
312,0.0,0.00015957355499267577,0.0,0.00023935794830322267,9.970664978027344e-06,0.0, 0.0,0.0,0.0,0.0
313,0.0,0.0001781749725341797,0.0,0.00018949747085571288,0.0,0.0, 0.0,0.0,0.0,0.0
314,0.0,0.00016919851303100585,0.0,0.00015991926193237305,0.0,0.0, 0.0,0.0,0.0,0.0
315,0.0,0.00016954660415649414,0.0,0.00018949508666992186,0.0,0.0, 0.0,0.0,0.0,0.0
316,0.0,0.000220339298248291,0.0,0.00015949249267578126,0.0,0.0, 0.0,0.0,0.0,0.0
317,0.0,0.00015957355499267577,0.0,0.00019947052001953125,0.0,0.0, 0.0,0.0,0.0,0.0
318,0.0,0.0001795053482055664,0.0,0.000179901123046875,0.0,0.0, 0.0,0.0,0.0,0.0
319,0.0,0.0001695394515991211,0.0,0.0001699376106262207,0.0,0.0, 0.0,0.0,0.0,0.0
320,0.0,0.00017955780029296875,0.0,0.00017984867095947266,9.946823120117187e-06,0.0, 0.0,0.0,0.0,0.0
321,0.0,0.00017545223236083984,0.0,0.00015957355499267577,0.0,0.0, 0.0,0.0,0.0,0.0
322,0.0,0.0001795196533203125,0.0,0.00025932550430297853,0.0,0.0, 0.0,0.0,0.0,0.0
323,0.0,0.00016917705535888673,0.0,0.0001699209213256836,0.0,0.0, 0.0,0.0,0.0,0.0
324,0.0,0.0001691603660583496,0.0,0.0001699399948120117,0.0,0.0, 0.0,0.0,0.0,0.0
325,0.0,0.00016953468322753907,0.0,0.0001598191261291504,0.0,0.0, 0.0,0.0,0.0,0.0
326,0.0,0.0001695561408996582,0.0,0.00022939205169677734,0.0,0.0, 0.0,0.0,0.0,0.0
327,0.0,0.0001696491241455078,0.0,0.00017967700958251953,0.0,0.0, 0.0,0.0,0.0,0.0
328,0.0,0.00016930580139160156,0.0,0.0001795053482055664,0.0,0.0, 0.0,0.0,0.0,0.0
329,0.0,0.00016963720321655273,0.0,0.00016945600509643555,0.0,0.0, 0.0,0.0,0.0,0.0
330,0.0,0.0001892280578613281,0.0,0.00017977714538574218,0.0,0.0, 0.0,0.0,0.0,0.0
331,0.0,0.00021916389465332031,0.0,0.0001795196533203125,0.0,0.0, 0.0,0.0,0.0,0.0
332,0.0,0.0002106785774230957,0.0,0.0002293705940246582,0.0,0.0, 0.0,0.0,0.0,0.0
333,0.0,0.00015931844711303711,0.0,0.00016954898834228515,0.0,0.0, 0.0,0.0,0.0,0.0
334,0.0,0.00017927646636962892,0.0,0.00021941661834716796,0.0,0.0, 0.0,0.0,0.0,0.0
335,0.0,0.0001695394515991211,0.0,0.0002596664428710937,0.0,0.0, 0.0,0.0,0.0,0.0
336,9.977817535400391e-06,0.00025020122528076174,0.0,0.0002094602584838867,0.0,0.0, 0.0,0.0,0.0,0.0
337,0.0,0.00016956329345703126,0.0,0.00018973588943481444,0.0,0.0, 0.0,0.0,0.0,0.0
338,0.0,0.00019551992416381837,0.0,0.00018975257873535156,0.0,9.627342224121094e-06, 0.0,0.0,0.0,0.0
339,0.0,0.00018948793411254882,0.0,0.00017032623291015624,0.0,0.0, 0.0,0.0,0.0,0.0
340,0.0,0.00022979974746704102,0.0,0.00026927947998046876,0.0,0.0, 0.0,0.0,0.0,0.0
341,0.0,0.0001892566680908203,0.0,0.00022964715957641602,0.0,0.0, 0.0,0.0,0.0,0.0
342,0.0,0.00019947290420532226,0.0,0.00029944419860839845,0.0,0.0, 0.0,0.0,0.0,0.0
343,0.0,0.00019922256469726563,0.0,0.00018511533737182616,0.0,0.0, 0.0,0.0,0.0,0.0
344,0.0,0.00019944667816162109,0.0,0.00019458532333374023,0.0,0.0, 0.0,0.0,0.0,0.0
345,0.0,0.0002165675163269043,0.0,0.0001897406578063965,0.0,0.0, 0.0,0.0,0.0,0.0
346,0.0,0.00018949508666992186,9.975433349609376e-06,0.00019984006881713868,0.0,0.0, 0.0,0.0,0.0,0.0
347,0.0,0.0001991438865661621,0.0,0.00020937204360961913,0.0,0.0, 0.0,0.0,0.0,0.0
348,0.0,0.00021943092346191407,0.0,0.00028922557830810545,0.0,0.0, 0.0,0.0,0.0,0.0
349,0.0,0.0002094411849975586,0.0,0.0003135871887207031,0.0,0.0, 0.0,0.0,0.0,0.0
350,0.0,0.0002091813087463379,0.0,0.00018975257873535156,0.0,0.0, 0.0,0.0,0.0,0.0
351,0.0,0.00020917892456054688,9.980201721191406e-06,0.00023935556411743163,0.0,0.0, 0.0,0.0,0.0,0.0
352,0.0,0.00018949985504150392,0.0,0.00019983291625976562,0.0,0.0, 0.0,0.0,0.0,0.0
353,0.0,0.00022956609725952149,0.0,0.00025920629501342775,0.0,0.0, 0.0,0.0,0.0,0.0
354,0.0,0.000179135799407959,0.0,0.000209808349609375,0.0,0.0, 0.0,0.0,0.0,0.0
355,0.0,0.00018948078155517578,0.0,0.0002695345878601074,0.0,0.0, 0.0,0.0,0.0,0.0
356,0.0,0.00020914793014526368,9.913444519042968e-06,0.00019981861114501954,9.958744049072266e-06,0.0, 0.0,0.0,0.0,0.0
357,0.0,0.00018923521041870118,0.0,0.00022965431213378906,0.0,0.0, 0.0,0.0,0.0,0.0
358,0.0,0.00018961191177368163,0.0,0.00020968914031982422,0.0,0.0, 0.0,0.0,0.0,0.0
359,0.0,0.00021915435791015626,0.0,0.00022940397262573243,0.0,0.0, 0.0,0.0,0.0,0.0
360,0.0,0.00019945383071899415,0.0,0.00023936748504638672,0.0,0.0, 0.0,0.0,0.0,0.0
361,0.0,0.00022930145263671875,9.977817535400391e-06,0.00022966623306274413,0.0,0.0, 0.0,0.0,0.0,0.0
362,0.0,0.00021916389465332031,9.984970092773438e-06,0.00018968343734741212,0.0,0.0, 0.0,0.0,0.0,0.0
363,9.944438934326172e-06,0.00018913030624389648,0.0,0.00021942377090454103,0.0,0.0, 0.0,0.0,0.0,0.0
364,0.0,0.0001891946792602539,0.0,0.00020979642868041993,0.0,0.0, 0.0,0.0,0.0,0.0
365,0.0,0.00018951177597045899,0.0,0.000249330997467041,0.0,0.0, 0.0,0.0,0.0,0.0
366,0.0,0.00020944356918334962,0.0,0.00031915664672851565,0.0,0.0, 0.0,0.0,0.0,0.0
367,0.0,0.00018948793411254882,0.0,0.00022937774658203126,0.0,0.0, 0.0,0.0,0.0,0.0
368,0.0,0.00019945859909057618,0.0,0.0002593159675598145,9.970664978027344e-06,0.0, 0.0,0.0,0.0,0.0
369,0.0,0.00018924713134765625,0.0,0.00022963285446166992,0.0,9.970664978027344e-06, 0.0,0.0,0.0,0.0
370,0.0,0.0002689576148986816,0.0,0.0002393198013305664,0.0,0.0, 0.0,0.0,0.0,0.0
371,0.0,0.00018951892852783203,9.949207305908202e-06,0.0002692866325378418,0.0,0.0, 0.0,0.0,0.0,0.0
372,0.0,0.00019909143447875975,0.0,0.00021978139877319337,0.0,0.0, 0.0,0.0,0.0,0.0
373,0.0,0.0001892566680908203,0.0,0.00022972583770751952,0.0,0.0, 0.0,0.0,0.0,0.0
374,0.0,0.0002298140525817871,0.0,0.0002991914749145508,0.0,0.0, 0.0,0.0,0.0,0.0
375,0.0,0.000200347900390625,0.0,0.0002692627906799316,0.0,0.0, 0.0,0.0,0.0,0.0
376,0.0,0.0001991844177246094,0.0,0.00024934053421020507,0.0,0.0, 0.0,0.0,0.0,0.0
377,0.0,0.00020919561386108397,9.973049163818359e-06,0.00021965980529785157,0.0,0.0, 0.0,0.0,0.0,0.0
378,0.0,0.00021914005279541015,0.0,0.00021967411041259766,0.0,0.0, 0.0,0.0,0.0,0.0
379,0.0,0.00021810054779052734,0.0,0.00022938966751098633,0.0,0.0, 0.0,0.0,0.0,0.0
380,0.0,0.00021915197372436525,0.0,0.00023962020874023437,0.0,0.0, 0.0,0.0,0.0,0.0
381,0.0,0.00020942449569702148,0.0,0.00023936033248901368,0.0,0.0, 0.0,0.0,0.0,0.0
382,0.0,0.0002088332176208496,9.984970092773438e-06,0.0002995562553405762,0.0,0.0, 0.0,0.0,0.0,0.0
383,1.0223388671875e-05,0.00019918203353881835,0.0,0.0002495908737182617,9.992122650146484e-06,0.0, 0.0,0.0,0.0,0.0
384,0.0,0.00022938728332519531,0.0,0.0003291177749633789,9.973049163818359e-06,0.0, 0.0,0.0,0.0,0.0
385,0.0,0.00020919322967529296,0.0,0.0002393507957458496,0.0,0.0, 0.0,0.0,0.0,0.0
386,0.0,0.00020944595336914063,0.0,0.0003889799118041992,9.963512420654297e-06,0.0, 0.0,0.0,0.0,0.0
387,0.0,0.0001795172691345215,0.0,0.0002593088150024414,0.0,0.0, 0.0,0.0,0.0,0.0
388,0.0,0.0002094388008117676,0.0,0.00031915903091430666,0.0,0.0, 0.0,0.0,0.0,0.0
389,0.0,0.00020071744918823242,0.0,0.0002495765686035156,0.0,0.0, 0.0,0.0,0.0,0.0
390,0.0,0.00020943403244018553,0.0,0.0003590679168701172,0.0,0.0, 0.0,0.0,0.0,0.0
391,0.0,0.00021918773651123048,0.0,0.00023922204971313477,9.975433349609376e-06,0.0, 0.0,0.0,0.0,0.0
392,0.0,0.00021941900253295897,0.0,0.00029921531677246094,0.0,0.0, 0.0,0.0,0.0,0.0
393,0.0,0.00020508766174316407,0.0,0.00026953697204589843,0.0,0.0, 0.0,0.0,0.0,0.0
394,0.0,0.00019948244094848634,9.961128234863282e-06,0.0002544546127319336,0.0,0.0, 0.0,0.0,0.0,0.0
395,0.0,0.00019920110702514648,0.0,0.0002594137191772461,0.0,0.0, 0.0,0.0,0.0,0.0
396,0.0,0.0002098393440246582,0.0,0.00025954484939575193,0.0,0.0, 0.0,0.0,0.0,0.0
397,0.0,0.0002389836311340332,0.0,0.0002792549133300781,0.0,0.0, 0.0,0.0,0.0,0.0
398,0.0,0.00020952939987182618,0.0,0.00026956319808959964,0.0,0.0, 0.0,0.0,0.0,0.0
399,0.0,0.0002190566062927246,0.0,0.0002892184257507324,9.970664978027344e-06,0.0, 0.0,0.0,0.0,0.0
400,9.980201721191406e-06,0.00021941184997558593,0.0,0.00036900997161865235,0.0,0.0, 0.0,0.0,0.0,0.0
401,0.0,0.0002094268798828125,0.0,0.00029920101165771486,0.0,0.0, 0.0,0.0,0.0,0.0
402,9.973049163818359e-06,0.00020908355712890626,0.0,0.0002497196197509766,0.0,0.0, 0.0,0.0,0.0,0.0
403,0.0,0.0002200913429260254,0.0,0.00027926206588745116,0.0,0.0, 0.0,0.0,0.0,0.0
404,0.0,0.0002393651008605957,0.0,0.0002995586395263672,0.0,0.0, 0.0,0.0,0.0,0.0
405,0.0,0.00020943403244018553,0.0,0.0003491044044494629,0.0,0.0, 0.0,0.0,0.0,0.0
406,0.0,0.0002598428726196289,0.0,0.0003589749336242676,0.0,0.0, 0.0,0.0,0.0,0.0
407,0.0,0.00021918296813964845,0.0,0.0003394603729248047,0.0,0.0, 0.0,0.0,0.0,0.0
408,0.0,0.0002094268798828125,0.0,0.0003291130065917969,0.0,0.0, 0.0,0.0,0.0,0.0
409,0.0,0.00021917581558227538,0.0,0.00025957822799682617,0.0,0.0, 0.0,0.0,0.0,0.0
410,0.0,0.00020916938781738282,0.0,0.0002892637252807617,0.0,0.0, 0.0,0.0,0.0,0.0
411,0.0,0.00021941423416137694,0.0,0.00028959989547729494,0.0,0.0, 0.0,0.0,0.0,0.0
412,0.0,0.00020946741104125978,0.0,0.0002892017364501953,0.0,0.0, 0.0,0.0,0.0,0.0
413,0.0,0.00021940231323242188,0.0,0.0003091597557067871,0.0,0.0, 0.0,0.0,0.0,0.0
414,0.0,0.00020925521850585936,0.0,0.00036437511444091796,0.0,0.0, 0.0,0.0,0.0,0.0
415,0.0,0.00021916389465332031,0.0,0.00027950763702392576,0.0,0.0, 0.0,0.0,0.0,0.0
416,0.0,0.00020918607711791992,0.0,0.0002994513511657715,0.0,0.0, 0.0,0.0,0.0,0.0
417,0.0,0.00022913455963134764,0.0,0.00026956319808959964,0.0,9.93490219116211e-06, 0.0,0.0,0.0,0.0
418,9.987354278564453e-06,0.00022901058197021484,0.0,0.00026964664459228516,0.0,0.0, 0.0,0.0,0.0,0.0
419,9.975433349609376e-06,0.0002614092826843262,9.961128234863282e-06,0.00027963161468505857,0.0,0.0, 0.0,0.0,0.0,0.0
420,0.0,0.0002493453025817871,0.0,0.0002995753288269043,0.0,0.0, 0.0,0.0,0.0,0.0
421,0.0,0.00022238969802856445,0.0,0.0002794957160949707,0.0,0.0, 0.0,0.0,0.0,0.0
422,0.0,0.0002293729782104492,0.0,0.0002796173095703125,0.0,0.0, 0.0,0.0,0.0,0.0
423,0.0,0.00022945880889892577,0.0,0.00032903432846069334,0.0,0.0, 0.0,0.0,0.0,0.0
424,0.0,0.000249326229095459,0.0,0.00038897037506103516,0.0,0.0, 0.0,0.0,0.0,0.0
425,0.0,0.0002396368980407715,9.975433349609376e-06,0.00030942440032958983,0.0,0.0, 0.0,0.0,0.0,0.0
426,0.0,0.0002191781997680664,0.0,0.0002794933319091797,0.0,0.0, 0.0,0.0,0.0,0.0
427,0.0,0.00022086858749389648,0.0,0.0002994585037231445,0.0,0.0, 0.0,0.0,0.0,0.0
428,0.0,0.00025928497314453125,0.0,0.0003594017028808594,0.0,0.0, 0.0,0.0,0.0,0.0
429,0.0,0.00021940946578979492,0.0,0.0002894878387451172,9.973049163818359e-06,0.0, 0.0,0.0,0.0,0.0
430,0.0,0.00022981882095336913,0.0,0.0003390932083129883,0.0,0.0, 0.0,0.0,0.0,0.0
431,0.0,0.0002393651008605957,9.970664978027344e-06,0.0004092836380004883,0.0,0.0, 0.0,0.0,0.0,0.0
432,0.0,0.000249326229095459,0.0,0.0003992915153503418,0.0,0.0, 0.0,0.0,0.0,0.0
433,0.0,0.00021941423416137694,9.9945068359375e-06,0.00029944181442260743,0.0,0.0, 0.0,0.0,0.0,0.0
434,9.984970092773438e-06,0.00023897409439086915,0.0,0.0003291726112365723,0.0,0.0, 0.0,0.0,0.0,0.0
435,0.0,0.00024894952774047853,9.975433349609376e-06,0.00030953645706176757,0.0,9.975433349609376e-06, 0.0,0.0,0.0,0.0
436,0.0,0.0002589559555053711,0.0,0.00038895130157470706,0.0,0.0, 0.0,0.0,0.0,0.0
437,0.0,0.0002350330352783203,0.0,0.00030915021896362306,0.0,0.0, 0.0,0.0,0.0,0.0
438,0.0,0.0002378988265991211,0.0,0.00034616708755493166,0.0,9.977817535400391e-06, 0.0,0.0,0.0,0.0
439,0.0,0.00022936582565307617,0.0,0.00038921594619750977,0.0,0.0, 0.0,0.0,0.0,0.0
440,0.0,0.0002490401268005371,0.0,0.00042886972427368163,0.0,0.0, 0.0,0.0,0.0,0.0
441,0.0,0.000239107608795166,0.0,0.00032937049865722657,0.0,0.0, 0.0,0.0,0.0,0.0
442,0.0,0.0002293848991394043,0.0,0.00037899255752563474,0.0,0.0, 0.0,0.0,0.0,0.0
443,0.0,0.00023936033248901368,0.0,0.00033909082412719727,0.0,0.0, 0.0,0.0,0.0,0.0
444,0.0,0.00022911310195922852,0.0,0.0003152871131896973,0.0,0.0, 0.0,0.0,0.0,0.0
445,0.0,0.00022901296615600585,0.0,0.00033510923385620116,0.0,0.0, 0.0,0.0,0.0,0.0
446,0.0,0.00023434162139892578,0.0,0.0003490924835205078,0.0,0.0, 0.0,0.0,0.0,0.0
447,0.0,0.0002206277847290039,0.0,0.0003394508361816406,0.0,0.0, 0.0,0.0,0.0,0.0
448,0.0,0.00022938013076782227,0.0,0.00034415721893310547,0.0,0.0, 0.0,0.0,0.0,0.0
449,0.0,0.00022913455963134764,0.0,0.00039109945297241213,0.0,0.0, 9.965896606445312e-06,0.0,0.0,0.0
450,0.0,0.0002496933937072754,0.0,0.00031952619552612306,0.0,0.0, 0.0,0.0,0.0,0.0
451,0.0,0.00021940231323242188,9.973049163818359e-06,0.00038921594619750977,0.0,0.0, 0.0,0.0,0.0,0.0
452,0.0,0.0002692866325378418,0.0,0.00034423351287841795,0.0,0.0, 0.0,0.0,0.0,0.0
453,0.0,0.00024932861328125,0.0,0.0003294563293457031,0.0,0.0, 0.0,0.0,0.0,0.0
454,0.0,0.0002294015884399414,0.0,0.00039881467819213867,0.0,0.0, 0.0,0.0,0.0,0.0
455,0.0,0.0002796006202697754,0.0,0.00031914710998535154,0.0,0.0, 0.0,0.0,0.0,0.0
456,0.0,0.00024933576583862304,0.0,0.00037899255752563474,0.0,0.0, 0.0,0.0,0.0,0.0
457,9.968280792236329e-06,0.00021941423416137694,0.0,0.00033948183059692385,9.93967056274414e-06,0.0, 0.0,0.0,0.0,0.0
458,0.0,0.00022902488708496094,0.0,0.0004092860221862793,0.0,0.0, 0.0,0.0,0.0,0.0
459,0.0,0.00024934053421020507,0.0,0.0003889560699462891,0.0,0.0, 0.0,0.0,0.0,0.0
460,0.0,0.00023936033248901368,0.0,0.00034932374954223635,0.0,0.0, 0.0,0.0,0.0,0.0
461,0.0,0.00025547504425048827,0.0,0.00040891647338867185,0.0,0.0, 0.0,0.0,0.0,0.0
462,0.0,0.00027889490127563476,0.0,0.0003593897819519043,0.0,0.0, 0.0,0.0,0.0,0.0
463,0.0,0.0002391362190246582,0.0,0.00047905683517456053,0.0,0.0, 0.0,0.0,0.0,0.0
464,0.0,0.00023935794830322267,0.0,0.00036901473999023437,0.0,0.0, 0.0,0.0,0.0,0.0
465,0.0,0.0002992057800292969,0.0,0.00034929752349853514,0.0,0.0, 9.980201721191406e-06,0.0,0.0,0.0
466,0.0,0.00026529788970947266,0.0,0.0003549504280090332,0.0,0.0, 0.0,0.0,0.0,0.0
467,0.0,0.0002692818641662598,0.0,0.0003892683982849121,0.0,0.0, 0.0,0.0,0.0,0.0
468,0.0,0.00022902488708496094,0.0,0.00035904884338378907,0.0,0.0, 0.0,0.0,0.0,0.0
469,0.0,0.000239105224609375,0.0,0.0004388332366943359,0.0,0.0, 0.0,0.0,0.0,0.0
470,0.0,0.000239107608795166,0.0,0.0004388260841369629,9.977817535400391e-06,0.0, 0.0,0.0,0.0,0.0
471,0.0,0.00024925708770751954,9.980201721191406e-06,0.0003693056106567383,0.0,0.0, 0.0,0.0,0.0,0.0
472,0.0,0.00023663759231567382,9.982585906982421e-06,0.00041887521743774416,0.0,0.0, 0.0,0.0,0.0,0.0
473,0.0,0.0002590751647949219,0.0,0.00039891719818115236,0.0,0.0, 0.0,0.0,0.0,0.0
474,0.0,0.0002590513229370117,0.0,0.0003497052192687988,0.0,0.0, 0.0,0.0,0.0,0.0
475,0.0,0.00023938655853271483,0.0,0.0004886651039123535,0.0,0.0, 0.0,0.0,0.0,0.0
476,0.0,0.0006705403327941894,0.0,0.0004192233085632324,0.0,0.0, 0.0,0.0,0.0,0.0
477,0.0,0.00022901535034179686,9.973049163818359e-06,0.0003693866729736328,0.0,0.0, 0.0,0.0,0.0,0.0
478,0.0,0.00023920297622680663,0.0,0.000428316593170166,0.0,0.0, 0.0,0.0,0.0,0.0
479,0.0,0.0002590084075927734,0.0,0.0006084179878234863,0.0,0.0, 0.0,0.0,0.0,0.0
480,0.0,0.00024667739868164065,9.961128234863282e-06,0.00040892601013183596,0.0,0.0, 0.0,0.0,0.0,0.0
481,0.0,0.0002588963508605957,0.0,0.0004890918731689453,0.0,0.0, 0.0,0.0,0.0,0.0
482,0.0,0.00030895471572875974,0.0,0.0005185890197753906,0.0,0.0, 0.0,0.0,0.0,0.0
483,0.0,0.00033019065856933595,0.0,0.0004990863800048829,0.0,0.0, 0.0,0.0,0.0,0.0
484,0.0,0.0002991914749145508,0.0,0.00039934158325195313,0.0,0.0, 0.0,0.0,0.0,0.0
485,0.0,0.00024904966354370115,0.0,0.0004391193389892578,0.0,0.0, 0.0,0.0,0.0,0.0
486,0.0,0.00023909807205200196,0.0,0.00038921117782592774,0.0,0.0, 0.0,0.0,0.0,0.0
487,0.0,0.00024935245513916013,0.0,0.0005487918853759766,0.0,0.0, 0.0,0.0,0.0,0.0
488,0.0,0.00024907827377319337,0.0,0.00046875,0.0,0.0, 0.0,0.0,0.0,0.0
489,0.0,0.0002814435958862305,0.0,0.0003992938995361328,0.0,0.0, 0.0,0.0,0.0,0.0
490,0.0,0.0002592778205871582,0.0,0.00047231674194335937,0.0,0.0, 0.0,0.0,0.0,0.0
491,0.0,0.000258944034576416,0.0,0.0003793525695800781,0.0,0.0, 0.0,0.0,0.0,0.0
492,0.0,0.0002689194679260254,0.0,0.0004591059684753418,0.0,0.0, 0.0,0.0,0.0,0.0
493,0.0,0.0002692699432373047,0.0,0.0004986763000488281,9.973049163818359e-06,0.0, 0.0,0.0,0.0,0.0
494,0.0,0.00028648138046264646,0.0,0.00039936542510986327,0.0,0.0, 0.0,0.0,0.0,0.0
495,0.0,0.00024931669235229493,0.0,0.00040891647338867185,0.0,0.0, 0.0,0.0,0.0,0.0
496,0.0,0.0002593088150024414,0.0,0.0004092717170715332,0.0,0.0, 0.0,0.0,0.0,0.0
497,0.0,0.0002493071556091309,0.0,0.0004092860221862793,0.0,0.0, 0.0,0.0,0.0,0.0
498,0.0,0.00028522968292236326,0.0,0.0004989099502563476,0.0,0.0, 0.0,0.0,0.0,0.0
499,0.0,0.00027923583984375,0.0,0.0005086493492126464,9.975433349609376e-06,0.0, 0.0,0.0,0.0,0.0
500,0.0,0.000249333381652832,0.0,0.0004188799858093262,0.0,0.0, 0.0,0.0,0.0,0.0
501,0.0,0.0002590489387512207,0.0,0.00041915655136108397,0.0,0.0, 0.0,0.0,0.0,0.0
502,0.0,0.0002792787551879883,0.0,0.0004687213897705078,0.0,0.0, 0.0,0.0,0.0,0.0
503,0.0,0.0002792692184448242,0.0,0.0005983829498291016,0.0,0.0, 0.0,0.0,0.0,0.0
504,0.0,0.00027825832366943357,0.0,0.0005285930633544922,0.0,0.0, 0.0,0.0,0.0,0.0
505,0.0,0.00025930404663085935,0.0,0.0005186152458190918,0.0,0.0, 0.0,0.0,0.0,0.0
506,0.0,0.0002691793441772461,0.0,0.0004192638397216797,0.0,0.0, 0.0,0.0,0.0,0.0
507,0.0,0.0002769112586975098,0.0,0.0004786014556884766,0.0,0.0, 0.0,0.0,0.0,0.0
508,0.0,0.0002892398834228516,0.0,0.0004388141632080078,0.0,0.0, 0.0,0.0,0.0,0.0
509,0.0,0.00032883405685424805,0.0,0.0005485367774963379,0.0,0.0, 0.0,0.0,0.0,0.0
510,0.0,0.0002790093421936035,0.0,0.00041886329650878904,0.0,0.0, 0.0,0.0,0.0,0.0
511,0.0,0.00028922319412231443,0.0,0.0005986881256103515,0.0,0.0, 0.0,0.0,0.0,0.0
512,0.0,0.00026066303253173827,0.0,0.0004288458824157715,0.0,0.0, 0.0,0.0,0.0,0.0
513,0.0,0.0002792549133300781,0.0,0.0009873723983764649,0.0,0.0, 0.0,0.0,0.0,0.0
514,0.0,0.0002892136573791504,9.980201721191406e-06,0.00043906927108764646,9.734630584716796e-06,0.0, 0.0,0.0,0.0,0.0
515,0.0,0.0002800893783569336,0.0,0.00046876907348632814,0.0,0.0, 0.0,0.0,0.0,0.0
516,0.0,0.0002692699432373047,0.0,0.0006234145164489746,0.0,0.0, 0.0,0.0,0.0,0.0
517,0.0,0.00029889106750488284,0.0,0.00043918848037719725,0.0,0.0, 0.0,0.0,0.0,0.0
518,0.0,0.00027899742126464845,0.0,0.0004887151718139649,9.968280792236329e-06,0.0, 0.0,0.0,0.0,0.0
519,0.0,0.00025930404663085935,0.0,0.0004642009735107422,0.0,0.0, 0.0,0.0,0.0,0.0
520,0.0,0.0002689170837402344,9.982585906982421e-06,0.0004388427734375,9.973049163818359e-06,0.0, 0.0,0.0,0.0,0.0
521,0.0,0.0002689552307128906,0.0,0.0005340290069580078,0.0,0.0, 0.0,0.0,0.0,0.0
522,0.0,0.0002600765228271484,0.0,0.0005585289001464843,9.968280792236329e-06,0.0, 0.0,0.0,0.0,0.0
523,0.0,0.0002892613410949707,0.0,0.0006183576583862305,0.0,0.0, 0.0,0.0,0.0,0.0
524,0.0,0.00027171850204467775,0.0,0.0005286026000976562,0.0,0.0, 0.0,0.0,0.0,0.0
525,0.0,0.0002690386772155762,9.965896606445312e-06,0.0005884337425231934,0.0,0.0, 0.0,0.0,0.0,0.0
526,1.027822494506836e-05,0.0003088665008544922,0.0,0.0004886865615844726,0.0,0.0, 0.0,0.0,0.0,0.0
527,0.0,0.00026015281677246096,0.0,0.0005684924125671386,0.0,9.980201721191406e-06, 0.0,0.0,0.0,0.0
528,0.0,0.0002590465545654297,0.0,0.0005285906791687012,0.0,0.0, 0.0,0.0,0.0,0.0
529,0.0,0.00026917457580566406,0.0,0.00044916629791259767,0.0,0.0, 0.0,0.0,0.0,0.0
530,0.0,0.00031888246536254883,0.0,0.0004937553405761719,9.992122650146484e-06,0.0, 0.0,0.0,0.0,0.0
531,0.0,0.0002592968940734863,0.0,0.0005385684967041016,9.975433349609376e-06,0.0, 0.0,0.0,0.0,0.0
532,9.977817535400391e-06,0.00031913042068481445,0.0,0.0004587697982788086,0.0,9.973049163818359e-06, 0.0,0.0,0.0,0.0
533,0.0,0.0003091931343078613,0.0,0.0005784320831298828,0.0,0.0, 0.0,0.0,0.0,0.0
534,0.0,0.0002689766883850098,0.0,0.0004886913299560546,0.0,0.0, 0.0,0.0,0.0,0.0
535,0.0,0.00026938438415527346,0.0,0.0005041956901550293,0.0,0.0, 0.0,0.0,0.0,0.0
536,0.0,0.00026929616928100586,0.0,0.0005684638023376465,0.0,0.0, 0.0,0.0,0.0,0.0
537,0.0,0.00030881643295288086,0.0,0.0005243206024169922,0.0,0.0, 0.0,0.0,0.0,0.0
538,0.0,0.0002792811393737793,0.0,0.0005787992477416992,0.0,0.0, 0.0,0.0,0.0,0.0
539,9.980201721191406e-06,0.00027719259262084964,0.0,0.000548551082611084,0.0,0.0, 0.0,0.0,0.0,0.0
540,0.0,0.0002692890167236328,0.0,0.0005884432792663575,0.0,0.0, 0.0,0.0,0.0,0.0
541,0.0,0.00031892776489257814,0.0,0.0006682014465332031,0.0,0.0, 0.0,0.0,0.0,0.0
542,0.0,0.00029895305633544924,0.0,0.0004989790916442871,0.0,0.0, 0.0,0.0,0.0,0.0
543,0.0,0.0002692818641662598,9.9945068359375e-06,0.000638270378112793,0.0,0.0, 0.0,0.0,0.0,0.0
544,0.0,0.00029895305633544924,0.0,0.0004991555213928223,0.0,9.975433349609376e-06, 0.0,0.0,0.0,0.0
545,0.0,0.00025904178619384766,0.0,0.0004749345779418945,0.0,0.0, 0.0,0.0,0.0,0.0
546,0.0,0.0002742671966552734,0.0,0.0004691028594970703,0.0,0.0, 0.0,0.0,0.0,0.0
547,0.0,0.00030047178268432617,0.0,0.00065032958984375,0.0,0.0, 0.0,0.0,0.0,0.0
548,0.0,0.0002789902687072754,0.0,0.0005488824844360351,0.0,0.0, 0.0,0.0,0.0,0.0
549,0.0,0.00032622337341308593,0.0,0.0004889512062072754,0.0,0.0, 0.0,0.0,0.0,0.0
550,0.0,0.00027895689010620117,9.973049163818359e-06,0.000489046573638916,0.0,0.0, 0.0,0.0,0.0,0.0
551,0.0,0.0002892208099365234,0.0,0.0006183576583862305,0.0,0.0, 0.0,0.0,0.0,0.0
552,0.0,0.00028922557830810545,0.0,0.0006230807304382324,0.0,0.0, 0.0,0.0,0.0,0.0
553,0.0,0.00029885292053222657,0.0,0.0005188941955566406,0.0,0.0, 0.0,0.0,0.0,0.0
554,0.0,0.0002792525291442871,0.0,0.0005684971809387207,0.0,0.0, 0.0,0.0,0.0,0.0
555,0.0,0.00029320955276489257,0.0,0.0004990077018737792,0.0,0.0, 0.0,0.0,0.0,0.0
556,0.0,0.00029928207397460937,0.0,0.00058868408203125,0.0,1.0008811950683593e-05, 0.0,0.0,0.0,0.0
557,0.0,0.0002889347076416016,0.0,0.0005687403678894042,0.0,0.0, 0.0,0.0,0.0,0.0
558,0.0,0.0003088235855102539,0.0,0.0005587625503540039,9.729862213134766e-06,0.0, 0.0,0.0,0.0,0.0
559,0.0,0.00028922557830810545,0.0,0.0006476616859436035,0.0,0.0, 0.0,0.0,0.0,0.0
560,0.0,0.0002692604064941406,0.0,0.000658259391784668,9.977817535400391e-06,0.0, 0.0,0.0,0.0,0.0
561,0.0,0.00030918598175048827,0.0,0.0005186080932617187,0.0,0.0, 0.0,0.0,0.0,0.0
562,0.0,0.0003187894821166992,0.0,0.0005584955215454102,9.970664978027344e-06,0.0, 0.0,0.0,0.0,0.0
563,0.0,0.0002889728546142578,0.0,0.0005388212203979492,9.715557098388672e-06,0.0, 0.0,0.0,0.0,0.0
564,0.0,0.00028922557830810545,0.0,0.0005684804916381836,0.0,0.0, 0.0,0.0,0.0,0.0
565,0.0,0.0002892827987670898,0.0,0.0005784058570861817,0.0,0.0, 0.0,0.0,0.0,9.965896606445312e-06
566,0.0,0.0002989649772644043,0.0,0.0006155848503112793,0.0,0.0, 0.0,0.0,0.0,0.0
567,0.0,0.00029983043670654295,0.0,0.0005388092994689941,0.0,0.0, 0.0,0.0,0.0,0.0
568,0.0,0.00029495477676391604,0.0,0.0005788397789001465,0.0,0.0, 0.0,0.0,0.0,0.0
569,0.0,0.00028898000717163084,9.968280792236329e-06,0.0005884194374084473,9.975433349609376e-06,0.0, 0.0,0.0,0.0,0.0
570,0.0,0.000329129695892334,0.0,0.0008525156974792481,0.0,0.0, 0.0,0.0,0.0,0.0
571,0.0,0.000298922061920166,0.0,0.0007380294799804687,0.0,0.0, 0.0,0.0,0.0,0.0
572,0.0,0.0002888774871826172,0.0,0.0006884098052978516,0.0,0.0, 0.0,0.0,0.0,0.0
573,0.0,0.00028920650482177734,0.0,0.0005884265899658203,0.0,0.0, 0.0,0.0,0.0,0.0
574,0.0,0.0003288102149963379,0.0,0.0006282997131347657,0.0,0.0, 0.0,0.0,0.0,0.0
575,0.0,0.0002891850471496582,0.0,0.0005445098876953125,0.0,0.0, 0.0,0.0,0.0,0.0
576,0.0,0.00032885074615478515,0.0,0.0005388212203979492,0.0,0.0, 0.0,0.0,0.0,0.0
577,0.0,0.00030892372131347657,9.980201721191406e-06,0.0005684733390808105,0.0,0.0, 0.0,0.0,0.0,0.0
578,0.0,0.0003063488006591797,0.0,0.0005988073348999023,0.0,0.0, 0.0,0.0,0.0,0.0
579,0.0,0.0003091549873352051,0.0,0.0005884313583374023,0.0,0.0, 0.0,0.0,0.0,0.0
580,0.0,0.0002892208099365234,0.0,0.0005687546730041504,0.0,9.961128234863282e-06, 0.0,0.0,0.0,0.0
581,0.0,0.0003890085220336914,0.0,0.000590062141418457,0.0,0.0, 0.0,0.0,0.0,0.0
582,0.0,0.00029895782470703127,0.0,0.00061859130859375,0.0,0.0, 0.0,0.0,0.0,0.0
583,0.0,0.0003187894821166992,0.0,0.0005984020233154297,0.0,0.0, 0.0,0.0,0.0,0.0
584,0.0,0.00033869266510009764,0.0,0.0005388212203979492,0.0,0.0, 0.0,0.0,0.0,0.0
585,0.0,0.0003024864196777344,0.0,0.0006486320495605469,0.0,0.0, 0.0,0.0,0.0,0.0
586,0.0,0.0002991008758544922,9.813308715820312e-06,0.0005488181114196777,0.0,0.0, 0.0,0.0,0.0,0.0
587,0.0,0.00029919862747192384,0.0,0.0006781864166259766,0.0,0.0, 0.0,0.0,0.0,0.0
588,0.0,0.00028898477554321287,0.0,0.0005784392356872559,0.0,0.0, 0.0,0.0,0.0,0.0
589,0.0,0.0003388476371765137,0.0,0.0007280731201171876,0.0,0.0, 0.0,0.0,0.0,0.0
590,0.0,0.0002989482879638672,0.0,0.0006114172935485839,0.0,0.0, 0.0,0.0,0.0,0.0
591,0.0,0.00030892133712768556,0.0,0.0008277869224548339,0.0,0.0, 0.0,0.0,0.0,0.0
592,0.0,0.00031888246536254883,0.0,0.0006584978103637695,9.973049163818359e-06,0.0, 0.0,0.0,0.0,0.0
593,0.0,0.000364387035369873,0.0,0.000618596076965332,0.0,0.0, 0.0,0.0,0.0,0.0
594,0.0,0.0003187894821166992,0.0,0.0006881523132324219,0.0,0.0, 0.0,0.0,0.0,0.0
595,0.0,0.00030916929244995117,0.0,0.0008510828018188476,0.0,0.0, 0.0,0.0,0.0,0.0
596,0.0,0.0003188800811767578,0.0,0.0006781625747680664,0.0,0.0, 0.0,0.0,0.0,0.0
597,0.0,0.0003137087821960449,0.0,0.0006585431098937989,0.0,0.0, 0.0,0.0,0.0,0.0
598,9.982585906982421e-06,0.00029917478561401365,0.0,0.0006582403182983399,0.0,0.0, 0.0,0.0,0.0,0.0
599,0.0,0.0003091883659362793,0.0,0.0005884122848510742,0.0,0.0, 0.0,0.0,0.0,0.0
600,0.0,0.00029900550842285154,0.0,0.0006085777282714844,0.0,0.0, 0.0,0.0,0.0,0.0
601,0.0,0.0003089261054992676,0.0,0.0006286168098449707,0.0,0.0, 0.0,0.0,0.0,0.0
602,9.722709655761719e-06,0.0003091740608215332,0.0,0.0006784987449645996,0.0,0.0, 0.0,0.0,0.0,0.0
603,0.0,0.0002992105484008789,0.0,0.0007280588150024414,0.0,0.0, 0.0,0.0,0.0,0.0
604,0.0,0.00030930519104003905,9.849071502685547e-06,0.0006682062149047851,0.0,0.0, 0.0,0.0,0.0,0.0
605,0.0,0.00031888961791992187,0.0,0.0006083941459655762,0.0,0.0, 0.0,0.0,0.0,0.0
606,0.0,0.0003100275993347168,0.0,0.0005989480018615723,0.0,0.0, 0.0,0.0,0.0,0.0
607,0.0,0.00030916929244995117,0.0,0.0006940150260925293,9.970664978027344e-06,0.0, 0.0,0.0,0.0,0.0
608,0.0,0.0008192300796508789,0.0,0.0006285715103149414,0.0,0.0, 0.0,0.0,0.0,0.0
609,0.0,0.0008948397636413574,9.899139404296876e-06,0.0006582498550415039,0.0,0.0, 0.0,0.0,0.0,0.0
610,0.0,0.005016474723815918,0.0,0.0006482696533203125,0.0,0.0, 0.0,0.0,0.0,0.0
611,0.0,0.0007547235488891601,0.0,0.0007877326011657714,9.973049163818359e-06,0.0, 0.0,0.0,0.0,0.0
612,0.0,0.0004896593093872071,0.0,0.0006881546974182129,0.0,0.0, 0.0,0.0,0.0,0.0
613,9.975433349609376e-06,0.004979400634765625,0.0,0.0007730388641357422,0.0,0.0, 0.0,0.0,0.0,0.0
614,0.0,0.0008485221862792969,0.0,0.0008277702331542969,0.0,0.0, 0.0,0.0,0.0,0.0
615,0.0,0.005398869514465332,0.0,0.0007382750511169434,0.0,0.0, 0.0,0.0,0.0,0.0
616,0.0,0.0006976866722106933,0.0,0.000758213996887207,0.0,0.0, 0.0,0.0,0.0,0.0
617,9.965896606445312e-06,0.00043882369995117186,0.0,0.0009873628616333008,9.987354278564453e-06,0.0, 0.0,0.0,0.0,0.0
618,0.0,0.0009277248382568359,0.0,0.0007183170318603516,0.0,0.0, 0.0,0.0,0.0,0.0
619,0.0,0.0009223437309265137,0.0,0.0006596112251281739,9.965896606445312e-06,0.0, 0.0,0.0,0.0,0.0
620,0.0,0.0008246755599975586,0.0,0.0006439447402954102,0.0,0.0, 0.0,0.0,0.0,0.0
621,9.72747802734375e-06,0.0005686235427856445,0.0,0.0007579541206359864,0.0,0.0, 0.0,0.0,0.0,0.0
622,0.0,0.00562753677368164,0.0,0.0008277177810668945,0.0,0.0, 0.0,0.0,0.0,0.0
623,0.0,0.0008989572525024414,0.0,0.0006684708595275879,0.0,0.0, 0.0,0.0,0.0,0.0
624,0.0,0.0054828858375549315,0.0,0.0009175491333007813,0.0,0.0, 0.0,0.0,0.0,0.0
625,0.0,0.005375099182128906,0.0,0.0007683277130126953,0.0,0.0, 0.0,0.0,0.0,0.0
626,0.0,0.0008140397071838379,0.0,0.0007834887504577637,0.0,0.0, 0.0,0.0,0.0,0.0
627,0.0,0.0006896352767944336,9.982585906982421e-06,0.0006285667419433594,0.0,0.0, 0.0,0.0,0.0,0.0
628,0.0,0.0009325146675109863,9.975433349609376e-06,0.0008479857444763184,0.0,0.0, 0.0,0.0,0.0,0.0
629,0.0,0.0008079838752746582,0.0,0.0007785129547119141,0.0,0.0, 0.0,0.0,0.0,0.0
630,0.0,0.004897274971008301,9.968280792236329e-06,0.0006884217262268066,0.0,0.0, 0.0,0.0,0.0,0.0
631,0.0,0.0004791116714477539,9.925365447998047e-06,0.0007084488868713378,0.0,0.0, 0.0,0.0,0.0,0.0
632,0.0,0.0008575272560119629,9.913444519042968e-06,0.0006582236289978027,0.0,0.0, 0.0,0.0,0.0,0.0
633,0.0,0.0006972002983093262,0.0,0.0007483839988708496,9.984970092773438e-06,0.0, 0.0,0.0,0.0,0.0
634,0.0,0.0010704803466796875,0.0,0.0008280420303344726,0.0,0.0, 0.0,0.0,0.0,0.0
635,0.0,0.0004985857009887695,0.0,0.0007082939147949219,0.0,0.0, 0.0,0.0,0.0,0.0
636,0.0,0.0008999419212341309,9.977817535400391e-06,0.0007978725433349609,0.0,0.0, 0.0,0.0,0.0,0.0
637,0.0,0.005144927501678467,0.0,0.0007981634140014648,0.0,0.0, 0.0,0.0,0.0,0.0
638,0.0,0.0054313564300537106,9.973049163818359e-06,0.000857698917388916,0.0,0.0, 0.0,0.0,0.0,0.0
639,0.0,0.0010402131080627442,0.0,0.0008078455924987793,1.0225772857666016e-05,0.0, 0.0,0.0,0.0,0.0
640,0.0,0.0008382439613342285,0.0,0.0008381223678588868,0.0,0.0, 0.0,0.0,0.0,0.0
641,0.0,0.0005106568336486816,0.0,0.0006885480880737305,0.0,0.0, 0.0,0.0,0.0,0.0
642,0.0,0.000508277416229248,9.982585906982421e-06,0.0008082008361816407,1.0001659393310548e-05,0.0, 0.0,0.0,0.0,0.0
643,0.0,0.00044879913330078127,0.0,0.0009079360961914062,9.989738464355468e-06,0.0, 0.0,0.0,0.0,0.0
644,0.0,0.0007861065864562988,0.0,0.0006884479522705078,0.0,0.0, 0.0,0.0,0.0,0.0
645,0.0,0.004749517440795898,0.0,0.0007683682441711426,0.0,0.0, 0.0,0.0,0.0,0.0
646,0.0,0.0048642301559448245,0.0,0.0006784152984619141,9.970664978027344e-06,0.0, 0.0,0.0,0.0,0.0
647,0.0,0.0009172296524047851,0.0,0.000867772102355957,0.0,0.0, 0.0,0.0,0.0,0.0
648,0.0,0.004484560489654541,0.0,0.0008779215812683105,0.0,0.0, 0.0,0.0,0.0,0.0
649,9.653568267822266e-06,0.0004986763000488281,9.961128234863282e-06,0.0008281254768371582,9.965896606445312e-06,0.0, 0.0,0.0,0.0,0.0
650,0.0,0.00049879789352417,0.0,0.0008775186538696289,0.0,0.0, 0.0,0.0,0.0,0.0
651,0.0,0.004826018810272217,0.0,0.00079787015914917,0.0,0.0, 0.0,0.0,0.0,0.0
652,0.0,0.0005283093452453613,9.984970092773438e-06,0.0007280468940734863,9.975433349609376e-06,0.0, 0.0,0.0,0.0,0.0
653,0.0,0.0006688237190246582,0.0,0.0008978867530822754,9.958744049072266e-06,0.0, 0.0,0.0,0.0,0.0
654,0.0,0.0009920239448547364,0.0,0.0008114361763000488,0.0,0.0, 0.0,0.0,0.0,0.0
655,0.0,0.0010382366180419923,0.0,0.0008576750755310058,9.996891021728516e-06,0.0, 0.0,0.0,0.0,0.0
656,0.0,0.0005184626579284668,0.0,0.0007545328140258789,0.0,0.0, 0.0,0.0,0.0,0.0
657,0.0,0.0005537533760070801,0.0,0.0008277916908264161,0.0,0.0, 0.0,0.0,0.0,0.0
658,0.0,0.0007779073715209961,9.982585906982421e-06,0.0008029079437255859,0.0,0.0, 0.0,0.0,0.0,0.0
659,0.0,0.0007155680656433105,0.0,0.0008776640892028809,0.0,0.0, 0.0,0.0,0.0,0.0
660,0.0,0.00093902587890625,0.0,0.000751943588256836,9.973049163818359e-06,0.0, 0.0,0.0,0.0,0.0
661,0.0,0.0005682158470153809,0.0,0.0008535885810852051,0.0,0.0, 0.0,0.0,0.0,0.0
662,0.0,0.0007868075370788575,0.0,0.0007184457778930664,0.0,0.0, 0.0,0.0,0.0,0.0
663,0.0,0.0009268879890441895,9.982585906982421e-06,0.0007879018783569336,9.965896606445312e-06,0.0, 0.0,0.0,0.0,0.0
664,0.0,0.000919806957244873,9.722709655761719e-06,0.0007382965087890625,0.0,0.0, 0.0,0.0,0.0,0.0
665,0.0,0.0005186080932617187,0.0,0.0009774088859558106,0.0,0.0, 0.0,0.0,0.0,0.0
666,0.0,0.0005785250663757325,0.0,0.0010770583152770997,0.0,0.0, 0.0,0.0,0.0,0.0
667,0.0,0.0009974098205566405,1.0025501251220702e-05,0.0007479667663574218,0.0,0.0, 0.0,0.0,0.0,0.0
668,0.0,0.0007899284362792968,0.0,0.0009177970886230469,0.0,0.0, 0.0,0.0,0.0,0.0
669,0.0,0.001004941463470459,1.0116100311279297e-05,0.0009173297882080078,0.0,0.0, 0.0,0.0,0.0,0.0
670,0.0,0.0010040855407714843,0.0,0.0007677626609802246,9.973049163818359e-06,0.0, 0.0,0.0,0.0,0.0
671,0.0,0.0007581067085266113,0.0,0.0007983636856079101,0.0,9.992122650146484e-06, 0.0,0.0,0.0,0.0
672,0.0,0.0007978439331054688,0.0,0.0008579659461975098,0.0,0.0, 0.0,0.0,0.0,0.0
673,0.0,0.0007347226142883301,0.0,0.0008180093765258789,0.0,0.0, 0.0,0.0,0.0,0.0
674,0.0,0.0007974576950073243,0.0,0.0007679367065429688,0.0,0.0, 0.0,0.0,0.0,0.0
675,0.0,0.0006482696533203125,0.0,0.0008879899978637695,0.0,0.0, 0.0,0.0,0.0,0.0
676,0.0,0.0008378505706787109,0.0,0.0009973502159118651,0.0,0.0, 0.0,0.0,0.0,0.0
677,0.0,0.0005784416198730468,0.0,0.0008879041671752929,0.0,0.0, 0.0,0.0,0.0,0.0
678,0.0,0.0008822560310363769,0.0,0.0009574389457702637,1.0225772857666016e-05,0.0, 0.0,0.0,0.0,0.0
679,9.973049163818359e-06,0.0009779810905456543,1.0313987731933593e-05,0.0008111786842346191,0.0,0.0, 0.0,0.0,0.0,0.0
680,0.0,0.0008677196502685547,0.0,0.0008076739311218262,0.0,0.0, 0.0,0.0,0.0,0.0
681,0.0,0.0007979822158813477,0.0,0.001027235984802246,0.0,9.973049163818359e-06, 0.0,0.0,0.0,0.0
682,9.977817535400391e-06,0.0005109286308288574,0.0,0.0009875965118408203,0.0,0.0, 0.0,0.0,0.0,0.0
683,0.0,0.0009594035148620606,9.789466857910157e-06,0.0009174609184265137,0.0,0.0, 0.0,0.0,0.0,0.0
684,0.0,0.0009004068374633789,0.0,0.0008481192588806152,0.0,9.980201721191406e-06, 0.0,0.0,0.0,0.0
685,0.0,0.0010511183738708496,0.0,0.0007582330703735352,0.0,9.977817535400391e-06, 0.0,0.0,0.0,0.0
686,0.0,0.0008021640777587891,9.980201721191406e-06,0.0009877777099609375,0.0,0.0, 0.0,0.0,0.0,0.0
687,0.0,0.005897104740142822,9.970664978027344e-06,0.000917820930480957,0.0,0.0, 0.0,0.0,0.0,0.0
688,0.0,0.0009475445747375488,0.0,0.0011363887786865234,0.0,0.0, 0.0,0.0,0.0,0.0
689,0.0,0.005477781295776367,0.0,0.0008776426315307617,0.0,0.0, 0.0,0.0,0.0,0.0
690,0.0,0.001022355556488037,0.0,0.0008679652214050293,0.0,0.0, 0.0,0.0,0.0,0.0
691,0.0,0.0009508132934570312,9.977817535400391e-06,0.0009876203536987305,0.0,0.0, 0.0,0.0,0.0,0.0
692,0.0,0.0006786704063415528,9.984970092773438e-06,0.0018350744247436523,0.0,0.0, 0.0,0.0,0.0,0.0
693,9.989738464355468e-06,0.0011178684234619141,0.0,0.0008577942848205566,0.0,9.715557098388672e-06, 0.0,0.0,0.0,0.0
694,0.0,0.0008771514892578125,0.0,0.001107044219970703,9.973049163818359e-06,0.0, 0.0,0.0,0.0,0.0
695,0.0,0.0010311269760131835,0.0,0.0010672569274902343,0.0,0.0, 0.0,0.0,0.0,0.0
696,0.0,0.0010404062271118163,9.973049163818359e-06,0.0011569023132324218,9.987354278564453e-06,0.0, 0.0,0.0,0.0,0.0
697,0.0,0.005455460548400879,9.958744049072266e-06,0.0008827424049377441,0.0,0.0, 0.0,0.0,0.0,0.0
698,0.0,0.0007648992538452148,0.0,0.0010171484947204589,0.0,0.0, 0.0,0.0,0.0,0.0
699,0.0,0.0008122587203979492,0.0,0.0008080983161926269,0.0,0.0, 0.0,0.0,0.0,0.0
700,0.0,0.0010049676895141602,0.0,0.0008776450157165528,0.0,9.977817535400391e-06, 0.0,0.0,0.0,0.0
701,0.0,0.0006382989883422851,0.0,0.0010019493103027343,9.975433349609376e-06,0.0, 0.0,0.0,0.0,0.0
702,0.0,0.0005642962455749512,0.0,0.0008680272102355957,0.0,0.0, 0.0,0.0,0.0,0.0
703,0.0,0.0009276080131530762,0.0,0.0010271620750427245,0.0,0.0, 0.0,0.0,0.0,0.0
704,0.0,0.0009435701370239258,0.0,0.0008380413055419922,0.0,0.0, 0.0,0.0,0.0,0.0
705,0.0,0.004664833545684814,0.0,0.0008378982543945313,0.0,0.0, 0.0,0.0,0.0,0.0
706,0.0,0.0005697059631347656,1.0125637054443359e-05,0.0009092807769775391,0.0,0.0, 0.0,0.0,0.0,0.0
707,0.0,0.0009757089614868164,0.0,0.000987715721130371,0.0,9.970664978027344e-06, 0.0,0.0,0.0,0.0
708,0.0,0.0008701467514038086,0.0,0.0009674978256225586,0.0,0.0, 0.0,0.0,0.0,0.0
709,0.0,0.0010741448402404785,0.0,0.0008478689193725585,0.0,0.0, 0.0,0.0,0.0,0.0
710,0.0,0.005148103237152099,0.0,0.0011374688148498536,9.737014770507813e-06,0.0, 0.0,0.0,0.0,0.0
711,0.0,0.0009474539756774902,0.0,0.0009175419807434082,0.0,0.0, 0.0,0.0,0.0,0.0
712,0.0,0.0006885242462158203,9.975433349609376e-06,0.0009434008598327636,9.973049163818359e-06,0.0, 0.0,0.0,0.0,0.0
713,0.0,0.0005884361267089844,0.0,0.0018749785423278808,0.0,0.0, 0.0,0.0,0.0,0.0
714,9.973049163818359e-06,0.0009333419799804687,1.0061264038085938e-05,0.0008775711059570313,0.0,0.0, 0.0,0.0,0.0,0.0
715,0.0,0.0048720002174377445,0.0,0.001296546459197998,0.0,0.0, 0.0,0.0,0.0,0.0
716,0.0,0.0053505396842956545,9.977817535400391e-06,0.0010422635078430175,0.0,0.0, 0.0,0.0,0.0,0.0
717,0.0,0.000967400074005127,0.0,0.0010673832893371583,0.0,0.0, 0.0,0.0,0.0,0.0
718,0.0,0.0006326937675476074,9.973049163818359e-06,0.0009876108169555664,0.0,0.0, 0.0,0.0,0.0,0.0
719,0.0,0.0011365056037902833,1.0116100311279297e-05,0.0009377288818359375,0.0,0.0, 0.0,0.0,0.0,0.0
720,0.0,0.00566328763961792,0.0,0.0010571837425231933,0.0,0.0, 0.0,0.0,0.0,0.0
721,0.0,0.0005582284927368164,0.0,0.0009178948402404785,0.0,0.0, 0.0,0.0,0.0,0.0
722,0.0,0.005612690448760987,9.980201721191406e-06,0.0008579468727111816,0.0,0.0, 0.0,0.0,0.0,0.0
723,0.0,0.00566678524017334,9.965896606445312e-06,0.0012171125411987304,0.0,0.0, 0.0,0.0,0.0,0.0
724,0.0,0.0008437323570251465,0.0,0.0009977173805236815,0.0,0.0, 0.0,0.0,0.0,0.0
725,0.0,0.0054175019264221195,9.837150573730468e-06,0.0010374593734741211,0.0,0.0, 0.0,0.0,0.0,0.0
726,0.0,0.0056324625015258785,9.987354278564453e-06,0.001014084815979004,0.0,0.0, 0.0,0.0,0.0,0.0
727,0.0,0.005410881042480469,0.0,0.001047196388244629,0.0,0.0, 0.0,0.0,0.0,0.0
728,0.0,0.00535808801651001,0.0,0.0009477949142456055,0.0,0.0, 0.0,0.0,0.0,0.0
729,0.0,0.005622384548187256,0.0,0.0008978605270385742,9.973049163818359e-06,0.0, 0.0,0.0,0.0,0.0
730,0.0,0.006035559177398682,0.0,0.0009673476219177246,9.973049163818359e-06,0.0, 0.0,0.0,0.0,0.0
731,0.0,0.005227730274200439,9.984970092773438e-06,0.0013962697982788086,9.973049163818359e-06,0.0, 0.0,0.0,0.0,0.0
732,0.0,0.0052655267715454104,9.984970092773438e-06,0.0009177970886230469,0.0,9.958744049072266e-06, 0.0,0.0,0.0,0.0
733,0.0,0.0005482935905456543,0.0,0.0009976601600646972,0.0,0.0, 0.0,0.0,0.0,0.0
734,0.0,0.0011444544792175292,9.837150573730468e-06,0.000967409610748291,0.0,0.0, 0.0,0.0,0.0,0.0
735,0.0,0.0010375690460205078,0.0,0.001086907386779785,0.0,0.0, 0.0,0.0,0.0,0.0
736,0.0,0.0010338497161865234,0.0,0.0011266660690307617,0.0,9.975433349609376e-06, 0.0,0.0,0.0,0.0
737,0.0,0.0005482959747314453,9.970664978027344e-06,0.0009576821327209473,0.0,0.0, 0.0,0.0,0.0,0.0
738,0.0,0.0005996084213256836,0.0,0.0010076665878295899,9.963512420654297e-06,0.0, 0.0,0.0,0.0,0.0
739,0.0,0.0008932065963745117,0.0,0.0014860153198242188,0.0,0.0, 0.0,0.0,0.0,0.0
740,0.0,0.000940701961517334,0.0,0.0009877443313598632,0.0,0.0, 0.0,0.0,0.0,0.0
741,0.0,0.0009292078018188477,9.92298126220703e-06,0.0011109542846679688,0.0,0.0, 0.0,0.0,0.0,0.0
742,0.0,0.0008181619644165039,9.975433349609376e-06,0.0010671567916870116,0.0,0.0, 0.0,0.0,0.0,0.0
743,0.0,0.000807485580444336,0.0,0.000937504768371582,0.0,0.0, 0.0,0.0,0.0,0.0
744,9.973049163818359e-06,0.0011342716217041015,9.877681732177734e-06,0.001156909465789795,0.0,0.0, 0.0,0.0,0.0,0.0
745,9.970664978027344e-06,0.0007078671455383301,9.973049163818359e-06,0.0011569476127624512,0.0,0.0, 0.0,0.0,0.0,0.0
746,0.0,0.000917060375213623,0.0,0.0012466645240783692,0.0,0.0, 0.0,0.0,0.0,0.0
747,0.0,0.0010601496696472168,0.0,0.0010777425765991211,1.001119613647461e-05,0.0, 0.0,0.0,0.0,0.0
748,0.0,0.0005681252479553222,0.0,0.0012669706344604493,0.0,0.0, 0.0,0.0,0.0,0.0
749,0.0,0.0010416793823242187,0.0,0.0013165068626403808,0.0,9.965896606445312e-06, 0.0,0.0,0.0,0.0
750,0.0,0.0006679773330688476,9.961128234863282e-06,0.0010871028900146485,0.0,0.0, 0.0,0.0,0.0,0.0
751,0.0,0.0006468391418457031,0.0,0.0011768293380737304,0.0,0.0, 0.0,0.0,0.0,0.0
752,0.0,0.001017470359802246,0.0,0.0010771870613098145,0.0,0.0, 0.0,0.0,0.0,0.0
753,0.0,0.0011469388008117675,9.975433349609376e-06,0.0011571598052978515,0.0,0.0, 0.0,0.0,0.0,0.0
754,0.0,0.0005670833587646484,9.970664978027344e-06,0.0010571694374084473,9.975433349609376e-06,0.0, 0.0,0.0,0.0,0.0
755,0.0,0.0008943510055541992,9.965896606445312e-06,0.0009380197525024414,0.0,0.0, 0.0,0.0,0.0,0.0
756,0.0,0.0009239673614501953,0.0,0.0011266303062438966,0.0,0.0, 0.0,0.0,0.0,0.0
757,0.0,0.0009259510040283203,0.0,0.0010171866416931153,0.0,0.0, 0.0,0.0,0.0,0.0
758,0.0,0.0011366772651672363,0.0,0.0011469554901123048,9.975433349609376e-06,0.0, 0.0,0.0,0.0,0.0
759,0.0,0.0009205365180969239,0.0,0.0011169934272766114,0.0,0.0, 0.0,0.0,0.0,0.0
760,0.0,0.0008042645454406738,0.0,0.0013364362716674805,0.0,0.0, 0.0,0.0,0.0,0.0
761,0.0,0.0006879353523254394,0.0,0.0010178303718566895,9.963512420654297e-06,0.0, 0.0,0.0,0.0,0.0
762,0.0,0.0009631252288818359,0.0,0.001356351375579834,0.0,0.0, 0.0,0.0,0.0,0.0
763,0.0,0.0010249590873718261,0.0,0.001266610622406006,0.0,0.0, 0.0,0.0,0.0,0.0
764,0.0,0.0009349608421325684,0.0,0.0010574746131896972,0.0,9.996891021728516e-06, 0.0,0.0,0.0,0.0
765,9.970664978027344e-06,0.0009758090972900391,9.932518005371093e-06,0.0011370038986206054,0.0,0.0, 0.0,0.0,0.0,0.0
766,0.0,0.001138758659362793,0.0,0.0011469483375549316,0.0,1.0211467742919921e-05, 0.0,0.0,0.0,0.0
767,0.0,0.000794217586517334,0.0,0.0011870312690734864,0.0,0.0, 0.0,0.0,0.0,0.0
768,0.0,0.0010437297821044922,0.0,0.0011667418479919434,0.0,0.0, 0.0,0.0,0.0,0.0
769,0.0,0.0010175347328186036,0.0,0.0010073041915893554,0.0,0.0, 0.0,0.0,0.0,0.0
770,0.0,0.0008934426307678222,0.0,0.0011521673202514648,0.0,0.0, 0.0,0.0,0.0,0.0
771,0.0,0.0009419202804565429,0.0,0.0011719679832458496,0.0,0.0, 0.0,0.0,0.0,0.0
772,0.0,0.000994696617126465,0.0,0.0010470509529113769,1.0199546813964844e-05,0.0, 0.0,0.0,0.0,0.0
773,0.0,0.0009413480758666993,0.0,0.0012171125411987304,0.0,0.0, 0.0,0.0,0.0,0.0
774,0.0,0.0008954620361328125,0.0,0.0011469531059265137,0.0,0.0, 0.0,0.0,0.0,0.0
775,0.0,0.0009055256843566895,0.0,0.0010671353340148927,0.0,0.0, 0.0,0.0,0.0,0.0
776,9.989738464355468e-06,0.0006732845306396484,0.0,0.0013894057273864746,0.0,0.0, 0.0,0.0,0.0,0.0
777,0.0,0.0009058117866516113,0.0,0.0010175108909606934,0.0,0.0, 0.0,0.0,0.0,0.0
778,0.0,0.0011460185050964355,9.965896606445312e-06,0.0012469267845153808,0.0,0.0, 0.0,0.0,0.0,0.0
779,0.0,0.0009194445610046386,9.865760803222657e-06,0.0014661669731140137,0.0,0.0, 0.0,0.0,0.0,0.0
780,0.0,0.000977790355682373,0.0,0.0011171770095825195,0.0,0.0, 0.0,0.0,0.0,0.0
781,0.0,0.0011331605911254882,0.0,0.0012067723274230956,0.0,0.0, 0.0,0.0,0.0,0.0
782,0.0,0.001029071807861328,0.0,0.0013962841033935546,0.0,0.0, 0.0,0.0,0.0,0.0
783,0.0,0.000787503719329834,9.965896606445312e-06,0.0013264560699462892,0.0,0.0, 0.0,0.0,0.0,0.0
784,0.0,0.0010545206069946288,0.0,0.0010473322868347168,0.0,0.0, 0.0,0.0,0.0,0.0
785,0.0,0.0011480951309204102,9.982585906982421e-06,0.001366574764251709,0.0,0.0, 0.0,0.0,0.0,0.0
786,0.0,0.0012130880355834962,0.0,0.0010674047470092774,0.0,0.0, 0.0,0.0,0.0,0.0
787,0.0,0.0006294274330139161,9.9945068359375e-06,0.001027541160583496,9.970664978027344e-06,0.0, 0.0,0.0,0.0,0.0
788,0.0,0.0048777031898498534,9.980201721191406e-06,0.0012071275711059571,0.0,0.0, 0.0,0.0,0.0,0.0
789,0.0,0.0052007269859313966,0.0,0.0010871601104736328,0.0,0.0, 0.0,0.0,0.0,0.0
790,0.0,0.004971656799316406,0.0,0.0012565350532531738,0.0,0.0, 0.0,0.0,0.0,0.0
791,0.0,0.0046220612525939946,9.977817535400391e-06,0.0011918687820434571,0.0,0.0, 0.0,0.0,0.0,0.0
792,9.975433349609376e-06,0.000854496955871582,9.958744049072266e-06,0.0010474872589111327,0.0,9.937286376953125e-06, 0.0,0.0,0.0,0.0
793,0.0,0.0008979272842407226,0.0,0.0012570023536682129,0.0,0.0, 0.0,0.0,0.0,0.0
794,0.0,0.0010869956016540526,0.0,0.0011468076705932618,0.0,0.0, 0.0,0.0,0.0,0.0
795,0.0,0.0009130668640136718,0.0,0.0010773658752441407,0.0,0.0, 0.0,0.0,0.0,0.0
796,0.0,0.0011577033996582032,0.0,0.0011525154113769531,9.975433349609376e-06,0.0, 0.0,0.0,0.0,0.0
797,0.0,0.0009721994400024414,9.989738464355468e-06,0.0013962316513061524,0.0,0.0, 0.0,0.0,0.0,0.0
798,0.0,0.001179795265197754,0.0,0.0012768316268920899,9.970664978027344e-06,0.0, 0.0,0.0,0.0,0.0
799,0.0,0.0008878707885742188,0.0,0.0012668633460998534,0.0,0.0, 0.0,0.0,0.0,0.0
800,0.0,0.004454364776611328,9.984970092773438e-06,0.0012267160415649415,9.968280792236329e-06,0.0, 0.0,0.0,0.0,0.0
801,0.0,0.0043021726608276365,0.0,0.001466357707977295,0.0,0.0, 0.0,0.0,0.0,0.0
802,0.0,0.0046669507026672365,9.987354278564453e-06,0.0012868094444274903,0.0,0.0, 0.0,0.0,0.0,0.0
803,0.0,0.004364807605743409,0.0,0.001236701011657715,0.0,0.0, 0.0,0.0,0.0,0.0
804,0.0,0.0011686968803405761,0.0,0.0012765979766845702,0.0,0.0, 0.0,0.0,0.0,0.0
805,0.0,0.004590473175048828,0.0,0.0012566089630126954,9.970664978027344e-06,0.0, 0.0,0.0,0.0,0.0
806,0.0,0.0011268997192382813,1.0161399841308593e-05,0.0013063573837280274,0.0,0.0, 0.0,0.0,0.0,0.0
807,0.0,0.0009979796409606933,0.0,0.0016405582427978516,0.0,0.0, 0.0,0.0,0.0,0.0
808,9.980201721191406e-06,0.0006497383117675781,0.0,0.0011390447616577148,9.980201721191406e-06,0.0, 0.0,0.0,0.0,0.0
809,0.0,0.0008786964416503906,0.0,0.0012270450592041016,0.0,0.0, 0.0,0.0,0.0,0.0
810,9.992122650146484e-06,0.004536361694335938,0.0,0.0012769079208374023,0.0,0.0, 0.0,0.0,0.0,0.0
811,0.0,0.004291465282440185,0.0,0.0014260530471801758,0.0,9.975433349609376e-06, 0.0,0.0,0.0,0.0
812,0.0,0.0006383252143859863,0.0,0.0013463735580444337,0.0,0.0, 0.0,0.0,0.0,0.0
813,9.975433349609376e-06,0.0009626078605651855,0.0,0.0012670421600341796,0.0,9.984970092773438e-06, 0.0,0.0,0.0,0.0
814,9.953975677490234e-06,0.004599683284759522,0.0,0.001356353759765625,0.0,0.0, 0.0,0.0,0.0,0.0
815,0.0,0.004928884506225586,9.963512420654297e-06,0.0011768507957458495,9.980201721191406e-06,0.0, 0.0,0.0,0.0,0.0
816,0.0,0.0031769275665283203,0.0,0.0014261841773986817,9.975433349609376e-06,0.0, 0.0,0.0,0.0,0.0
817,0.0,0.004439918994903564,0.0,0.0011273336410522461,0.0,1.032114028930664e-05, 0.0,0.0,0.0,0.0
818,0.0,0.0007677721977233887,0.0,0.0012528085708618164,0.0,0.0, 0.0,0.0,0.0,0.0
819,0.0,0.000895993709564209,0.0,0.0011970639228820802,0.0,0.0, 0.0,0.0,0.0,0.0
820,0.0,0.0012914323806762695,9.973049163818359e-06,0.0013112545013427735,0.0,0.0, 0.0,0.0,0.0,0.0
821,0.0,0.005031027793884277,0.0,0.001356360912322998,0.0,0.0, 0.0,0.0,0.0,0.0
822,0.0,0.004795465469360351,9.860992431640625e-06,0.0015757822990417481,0.0,0.0, 0.0,0.0,0.0,0.0
823,0.0,0.004063963890075684,0.0,0.001386270523071289,0.0,0.0, 0.0,0.0,0.0,0.0
824,0.0,0.0010703659057617187,0.0,0.0013958024978637695,0.0,0.0, 0.0,0.0,0.0,0.0
825,9.977817535400391e-06,0.001038193702697754,0.0,0.001156010627746582,0.0,0.0, 0.0,0.0,0.0,0.0
826,0.0,0.004206435680389404,9.808540344238281e-06,0.0014959907531738282,0.0,0.0, 0.0,0.0,0.0,0.0
827,9.975433349609376e-06,0.004453330039978027,0.0,0.001357121467590332,0.0,0.0, 0.0,0.0,0.0,0.0
828,0.0,0.001054561138153076,9.980201721191406e-06,0.0014960050582885742,0.0,0.0, 0.0,0.0,0.0,0.0
829,0.0,0.0011487770080566406,9.829998016357421e-06,0.001363649368286133,0.0,0.0, 0.0,0.0,0.0,0.0
830,0.0,0.003956773281097412,0.0,0.0013062620162963866,0.0,0.0, 0.0,0.0,0.0,0.0
831,0.0,0.0042930817604064945,0.0,0.0014662432670593261,0.0,0.0, 0.0,0.0,0.0,0.0
832,0.0,0.004967243671417237,0.0,0.0011574721336364746,0.0,0.0, 0.0,0.0,0.0,0.0
833,0.0,0.004040613174438477,0.0,0.0012719273567199708,0.0,0.0, 0.0,0.0,0.0,0.0
834,0.0,0.0009089326858520508,0.0,0.0012267446517944336,0.0,0.0, 0.0,0.0,0.0,0.0
835,9.708404541015625e-06,0.004756226539611817,0.0,0.0014260530471801758,9.970664978027344e-06,0.0, 0.0,0.0,0.0,0.0
836,0.0,0.0008194279670715332,0.0,0.001555941104888916,0.0,0.0, 0.0,0.0,0.0,0.0
837,0.0,0.0012725281715393066,0.0,0.0013765549659729003,0.0,0.0, 0.0,0.0,0.0,0.0
838,0.0,0.0008593487739562988,0.0,0.001376333236694336,0.0,0.0, 0.0,0.0,0.0,0.0
839,0.0,0.001012706756591797,0.0,0.0011870741844177246,0.0,0.0, 0.0,0.0,0.0,0.0
840,0.0,0.0012399148941040039,0.0,0.001306765079498291,0.0,0.0, 0.0,0.0,0.0,0.0
841,9.975433349609376e-06,0.0010097742080688477,0.0,0.0012465500831604004,9.984970092773438e-06,0.0, 0.0,0.0,0.0,0.0
842,9.973049163818359e-06,0.003908200263977051,0.0,0.001376330852508545,0.0,0.0, 0.0,0.0,0.0,0.0
843,0.0,0.00457939624786377,9.970664978027344e-06,0.0014220261573791504,9.973049163818359e-06,0.0, 0.0,0.0,0.0,0.0
844,0.0,0.0010188031196594238,0.0,0.0013814425468444823,0.0,0.0, 0.0,0.0,0.0,0.0
845,0.0,0.0006592154502868652,0.0,0.0015208864212036134,0.0,0.0, 0.0,0.0,0.0,0.0
846,0.0,0.0012412405014038087,0.0,0.0015459704399108888,0.0,0.0, 0.0,0.0,0.0,0.0
847,0.0,0.0028025007247924807,9.989738464355468e-06,0.0018601369857788085,0.0,0.0, 0.0,0.0,0.0,0.0
848,0.0,0.0010500121116638183,9.810924530029297e-06,0.0012267231941223145,1.007080078125e-05,0.0, 0.0,0.0,0.0,0.0
849,0.0,0.0046416974067687985,9.975433349609376e-06,0.0011870789527893067,0.0,0.0, 0.0,0.0,0.0,0.0
850,9.970664978027344e-06,0.0006491875648498535,0.0,0.001226968765258789,0.0,0.0, 0.0,0.0,0.0,0.0
851,0.0,0.0008079814910888672,0.0,0.0016711330413818359,0.0,0.0, 0.0,0.0,0.0,0.0
852,0.0,0.0014600229263305663,0.0,0.0016654658317565919,0.0,0.0, 0.0,0.0,0.0,0.0
853,9.970664978027344e-06,0.0014054751396179199,9.973049163818359e-06,0.0013566231727600098,0.0,0.0, 0.0,0.0,0.0,0.0
854,0.0,0.005223045349121094,0.0,0.0014561033248901368,0.0,0.0, 0.0,0.0,0.0,0.0
855,0.0,0.0010526728630065917,0.0,0.0013763618469238282,0.0,0.0, 0.0,0.0,0.0,0.0
856,0.0,0.004806833267211914,0.0,0.0015955471992492676,1.0004043579101563e-05,0.0, 0.0,0.0,0.0,0.0
857,0.0,0.0011481451988220215,9.820461273193359e-06,0.001336679458618164,0.0,0.0, 0.0,0.0,0.0,0.0
858,0.0,0.004250364303588867,0.0,0.0013131117820739746,0.0,0.0, 0.0,0.0,0.0,0.0
859,0.0,0.0014322447776794435,9.984970092773438e-06,0.0014767122268676757,0.0,0.0, 0.0,0.0,0.0,0.0
860,0.0,0.004581799507141113,9.980201721191406e-06,0.0017154264450073243,9.973049163818359e-06,0.0, 0.0,0.0,0.0,0.0
861,0.0,0.0015111517906188964,0.0,0.0016653752326965332,0.0,0.0, 0.0,0.0,0.0,0.0
862,0.0,0.0013642525672912598,9.973049163818359e-06,0.0014194560050964356,0.0,0.0, 0.0,0.0,0.0,0.0
863,0.0,0.0008573436737060547,9.980201721191406e-06,0.0013667011260986327,0.0,0.0, 0.0,0.0,0.0,0.0
864,9.913444519042968e-06,0.0014287209510803222,9.877681732177734e-06,0.0013813567161560058,0.0,0.0, 0.0,0.0,0.0,0.0
865,0.0,0.0015456175804138184,0.0,0.0015560078620910644,9.973049163818359e-06,0.0, 0.0,0.0,0.0,0.0
866,0.0,0.0015165162086486815,0.0,0.0015512490272521972,0.0,0.0, 0.0,0.0,0.0,0.0
867,0.0,0.004495460987091065,0.0,0.0016259455680847168,9.970664978027344e-06,0.0, 0.0,0.0,0.0,0.0
868,0.0,0.0008773517608642578,9.920597076416015e-06,0.0013763117790222168,0.0,0.0, 0.0,0.0,0.0,0.0
869,0.0,0.00433866024017334,0.0,0.001456282138824463,0.0,0.0, 0.0,0.0,0.0,0.0
870,0.0,0.00505748987197876,0.0,0.0017251944541931152,0.0,0.0, 0.0,0.0,0.0,0.0
871,0.0,0.0014170408248901367,0.0,0.0013463950157165526,0.0,0.0, 0.0,0.0,0.0,0.0
872,0.0,0.005022158622741699,9.82522964477539e-06,0.001596038341522217,0.0,0.0, 0.0,0.0,0.0,0.0
873,0.0,0.0015720772743225099,0.0,0.0014165186882019044,0.0,0.0, 0.0,0.0,0.0,0.0
874,0.0,0.0022639346122741697,0.0,0.002064492702484131,9.975433349609376e-06,0.0, 0.0,0.0,0.0,0.0
875,0.0,0.0013080525398254394,1.0297298431396484e-05,0.00216386079788208,0.0,0.0, 0.0,0.0,0.0,0.0
876,0.0,0.0010272717475891112,0.0,0.0015358924865722656,0.0,0.0, 0.0,0.0,0.0,0.0
877,0.0,0.0036168289184570312,9.970664978027344e-06,0.001715400218963623,0.0,0.0, 0.0,0.0,0.0,0.0
878,0.0,0.001463456153869629,0.0,0.0014667820930480957,0.0,0.0, 0.0,0.0,0.0,0.0
879,0.0,0.004299533367156982,9.973049163818359e-06,0.0013071799278259277,0.0,0.0, 0.0,0.0,0.0,0.0
880,0.0,0.004532592296600342,0.0,0.0014261889457702636,0.0,0.0, 0.0,0.0,0.0,0.0
881,0.0,0.0013611984252929687,0.0,0.0013167262077331543,0.0,0.0, 0.0,0.0,0.0,0.0
882,0.0,0.004854717254638672,1.0030269622802734e-05,0.0016308069229125977,9.93967056274414e-06,0.0, 0.0,0.0,0.0,0.0
883,0.0,0.004476068019866944,9.973049163818359e-06,0.0018450570106506347,0.0,0.0, 0.0,0.0,0.0,0.0
884,0.0,0.0010491251945495606,0.0,0.001660621166229248,9.973049163818359e-06,0.0, 0.0,0.0,0.0,0.0
885,0.0,0.0013611817359924316,0.0,0.001406252384185791,0.0,0.0, 0.0,0.0,0.0,0.0
886,0.0,0.004863650798797608,9.953975677490234e-06,0.001685507297515869,9.973049163818359e-06,0.0, 0.0,0.0,0.0,0.0
887,0.0,0.0012771248817443847,0.0,0.0013167262077331543,0.0,0.0, 0.0,0.0,0.0,0.0
888,0.0,0.0010623359680175782,9.930133819580078e-06,0.001416459083557129,0.0,0.0, 0.0,0.0,0.0,0.0
889,0.0,0.0034006381034851073,0.0,0.001366724967956543,0.0,0.0, 0.0,0.0,0.0,0.0
890,0.0,0.0011085057258605957,9.975433349609376e-06,0.001396617889404297,0.0,0.0, 0.0,0.0,0.0,0.0
891,9.982585906982421e-06,0.0037570953369140624,9.980201721191406e-06,0.001545860767364502,0.0,0.0, 0.0,0.0,0.0,0.0
892,0.0,0.00431612491607666,0.0,0.0015857696533203125,9.973049163818359e-06,0.0, 0.0,0.0,0.0,0.0
893,0.0,0.0012583160400390626,9.958744049072266e-06,0.0016057181358337402,0.0,0.0, 0.0,0.0,0.0,0.0
894,0.0,0.004203693866729736,0.0,0.0013770532608032226,0.0,0.0, 0.0,0.0,0.0,0.0
895,0.0,0.000689542293548584,0.0,0.0013526177406311035,9.944438934326172e-06,0.0, 0.0,0.0,0.0,0.0
896,0.0,0.0013086628913879395,0.0,0.0014965963363647462,9.977817535400391e-06,0.0, 0.0,0.0,0.0,0.0
897,0.0,0.004891331195831299,0.0,0.0019391989707946778,0.0,9.975433349609376e-06, 0.0,0.0,0.0,0.0
898,0.0,0.00453547716140747,0.0,0.00140272855758667,0.0,0.0, 0.0,0.0,0.0,0.0
899,0.0,0.0010442280769348145,0.0,0.0017154669761657714,0.0,0.0, 0.0,0.0,0.0,0.0
900,0.0,0.001275355815887451,0.0,0.0013625216484069824,0.0,0.0, 0.0,0.0,0.0,0.0
901,0.0,0.0007041645050048828,9.965896606445312e-06,0.0014914798736572266,0.0,0.0, 0.0,0.0,0.0,0.0
902,0.0,0.0011692237854003906,0.0,0.0017501854896545411,0.0,0.0, 0.0,0.0,0.0,0.0
903,9.970664978027344e-06,0.003591880798339844,0.0,0.0017553281784057617,9.973049163818359e-06,0.0, 0.0,0.0,0.0,0.0
904,0.0,0.0007380270957946778,0.0,0.0017804241180419923,0.0,0.0, 0.0,0.0,0.0,0.0
905,0.0,0.001161987781524658,1.0008811950683593e-05,0.0014489412307739258,0.0,0.0, 0.0,0.0,0.0,0.0
906,0.0,0.004638299942016601,0.0,0.0017603707313537597,0.0,0.0, 0.0,0.0,0.0,0.0
907,0.0,0.0013062691688537598,0.0,0.0016522002220153808,0.0,9.973049163818359e-06, 0.0,0.0,0.0,0.0
908,9.982585906982421e-06,0.002074441909790039,9.968280792236329e-06,0.0035307812690734863,9.977817535400391e-06,0.0, 0.0,0.0,0.0,0.0
909,0.0,0.001646888256072998,0.0,0.0014461088180541992,0.0,1.2097358703613282e-05, 0.0,0.0,0.0,0.0
910,0.0,0.004199736118316651,0.0,0.0015810298919677734,0.0,0.0, 0.0,0.0,0.0,0.0
911,0.0,0.0015280342102050781,0.0,0.0017058372497558594,0.0,0.0, 0.0,0.0,0.0,0.0
912,0.0,0.0015520811080932616,9.973049163818359e-06,0.0014365124702453613,0.0,0.0, 0.0,0.0,0.0,0.0
913,0.0,0.0015575957298278808,9.9945068359375e-06,0.0016309380531311034,0.0,0.0, 0.0,0.0,0.0,0.0
914,0.0,0.004777595996856689,0.0,0.0016093945503234863,0.0,0.0, 0.0,0.0,0.0,0.0
915,0.0,0.0015876412391662598,1.0173320770263672e-05,0.00157620906829834,0.0,0.0, 0.0,0.0,0.0,0.0
916,0.0,0.004005806446075439,0.0,0.001566154956817627,0.0,0.0, 0.0,0.0,0.0,0.0
917,0.0,0.004210317134857177,0.0,0.0017751312255859374,0.0,0.0, 0.0,0.0,0.0,0.0
918,0.0,0.0016231608390808105,0.0,0.0014462566375732422,0.0,0.0, 0.0,0.0,0.0,0.0
919,9.963512420654297e-06,0.0014118337631225586,0.0,0.0017402267456054687,9.965896606445312e-06,0.0, 0.0,0.0,0.0,0.0
920,9.973049163818359e-06,0.001625378131866455,0.0,0.001496260166168213,0.0,0.0, 0.0,0.0,0.0,0.0
921,0.0,0.004398007392883301,0.0,0.0014361667633056641,0.0,0.0, 0.0,0.0,0.0,0.0
922,9.970664978027344e-06,0.006762070655822754,0.0,0.0014759278297424316,9.973049163818359e-06,0.0, 0.0,0.0,0.0,0.0
923,0.0,0.0042938518524169925,0.0,0.0015243458747863769,0.0,0.0, 0.0,0.0,0.0,0.0
924,0.0,0.0017569684982299805,0.0,0.0017552924156188964,0.0,0.0, 0.0,0.0,0.0,0.0
925,0.0,0.0015376615524291992,0.0,0.001655418872833252,0.0,0.0, 0.0,0.0,0.0,0.0
926,0.0,0.000897223949432373,9.968280792236329e-06,0.0015857601165771484,0.0,0.0, 0.0,0.0,0.0,0.0
927,0.0,0.0010859370231628418,0.0,0.001596083641052246,0.0,0.0, 0.0,0.0,0.0,0.0
928,0.0,0.0016505146026611329,9.801387786865234e-06,0.001466383934020996,0.0,0.0, 0.0,0.0,0.0,0.0
929,0.0,0.003962655067443848,0.0,0.001984994411468506,0.0,0.0, 0.0,0.0,0.0,0.0
930,0.0,0.00165585994720459,0.0,0.0017604637145996094,0.0,0.0, 0.0,0.0,0.0,0.0
931,0.0,0.0014325094223022461,0.0,0.0016655206680297851,0.0,0.0, 0.0,0.0,0.0,0.0
932,0.0,0.004953625202178955,9.977817535400391e-06,0.001904921531677246,9.977817535400391e-06,0.0, 0.0,0.0,0.0,0.0
933,0.0,0.004163117408752442,9.860992431640625e-06,0.0018353056907653808,9.968280792236329e-06,0.0, 0.0,0.0,0.0,0.0
934,0.0,0.0040881729125976565,0.0,0.0015143775939941407,0.0,0.0, 0.0,0.0,0.0,0.0
935,0.0,0.0015048742294311523,9.963512420654297e-06,0.0016455841064453125,0.0,0.0, 0.0,0.0,0.0,0.0
936,0.0,0.0014844393730163573,9.965896606445312e-06,0.001785588264465332,0.0,0.0, 0.0,0.0,0.0,0.0
937,0.0,0.0043192625045776365,0.0,0.001551806926727295,0.0,0.0, 0.0,0.0,0.0,0.0
938,0.0,0.0016780543327331544,0.0,0.001715395450592041,0.0,1.0335445404052735e-05, 0.0,0.0,0.0,0.0
939,9.720325469970704e-06,0.0049518227577209474,0.0,0.0018151569366455077,0.0,0.0, 0.0,0.0,0.0,0.0
940,0.0,0.0015925073623657227,0.0,0.001924898624420166,0.0,0.0, 0.0,0.0,0.0,0.0
941,0.0,0.0018988966941833497,0.0,0.0015960097312927245,0.0,0.0, 0.0,0.0,0.0,0.0
